Fecha,Temperatura (K),Humedad (%),Presion (Pa),MAC Address,Alias
2025-12-03 15:02:10,294.46,61.17,81596,24:D7:EB:59:2E:30,---
2025-12-03 15:02:11,294.46,61.17,81596,24:D7:EB:59:2E:30,---
2025-12-03 15:02:11,294.46,61.17,81594,24:D7:EB:59:2E:30,---
2025-12-03 15:02:12,294.46,61.17,81593,24:D7:EB:59:2E:30,---
2025-12-03 15:02:12,294.46,61.17,81592,24:D7:EB:59:2E:30,---
2025-12-03 15:02:13,294.47,61.17,81593,24:D7:EB:59:2E:30,---
2025-12-03 15:02:13,294.47,61.17,81596,24:D7:EB:59:2E:30,---
2025-12-03 15:02:14,294.46,61.17,81594,24:D7:EB:59:2E:30,---
2025-12-03 15:02:14,294.46,61.15,81594,24:D7:EB:59:2E:30,---
2025-12-03 15:02:15,294.46,61.16,81594,24:D7:EB:59:2E:30,---
2025-12-03 15:02:15,294.46,61.16,81593,24:D7:EB:59:2E:30,---
2025-12-03 15:02:16,294.46,61.17,81591,24:D7:EB:59:2E:30,---
2025-12-03 15:02:16,294.46,61.15,81593,24:D7:EB:59:2E:30,---
2025-12-03 15:02:17,294.47,61.16,81593,24:D7:EB:59:2E:30,---
2025-12-03 15:02:17,294.47,61.16,81593,24:D7:EB:59:2E:30,---
2025-12-03 15:02:18,294.47,61.17,81593,24:D7:EB:59:2E:30,---
2025-12-03 15:02:19,294.48,61.16,81597,24:D7:EB:59:2E:30,---
2025-12-03 15:02:19,294.47,61.14,81593,24:D7:EB:59:2E:30,---
2025-12-03 15:02:20,294.46,61.15,81591,24:D7:EB:59:2E:30,---
2025-12-03 15:02:20,294.47,61.14,81594,24:D7:EB:59:2E:30,---
2025-12-03 15:02:21,294.47,61.14,81595,24:D7:EB:59:2E:30,---
2025-12-03 15:02:21,294.46,61.14,81593,24:D7:EB:59:2E:30,---
2025-12-03 15:02:22,294.47,61.14,81593,24:D7:EB:59:2E:30,---
2025-12-03 15:02:22,294.47,61.14,81593,24:D7:EB:59:2E:30,---
2025-12-03 15:02:23,294.47,61.14,81593,24:D7:EB:59:2E:30,---
2025-12-03 15:02:23,294.47,61.14,81592,24:D7:EB:59:2E:30,---
2025-12-03 15:02:24,294.47,61.14,81596,24:D7:EB:59:2E:30,---
2025-12-03 15:02:24,294.46,61.14,81591,24:D7:EB:59:2E:30,---
2025-12-03 15:02:25,294.47,61.14,81596,24:D7:EB:59:2E:30,---
2025-12-03 15:02:25,294.47,61.14,81592,24:D7:EB:59:2E:30,---
2025-12-03 15:02:26,294.47,61.14,81591,24:D7:EB:59:2E:30,---
2025-12-03 15:02:26,294.46,61.14,81591,24:D7:EB:59:2E:30,---
2025-12-03 15:02:27,294.47,61.14,81593,24:D7:EB:59:2E:30,---
2025-12-03 15:02:28,294.47,61.13,81594,24:D7:EB:59:2E:30,---
2025-12-03 15:02:28,294.47,61.14,81595,24:D7:EB:59:2E:30,---
2025-12-03 15:02:29,294.47,61.14,81594,24:D7:EB:59:2E:30,---
2025-12-03 15:02:29,294.47,61.14,81592,24:D7:EB:59:2E:30,---
2025-12-03 15:02:30,294.47,61.14,81592,24:D7:EB:59:2E:30,---
2025-12-03 15:02:30,294.47,61.14,81592,24:D7:EB:59:2E:30,---
2025-12-03 15:02:31,294.47,61.13,81592,24:D7:EB:59:2E:30,---
2025-12-03 15:02:31,294.48,61.13,81593,24:D7:EB:59:2E:30,---
2025-12-03 15:02:32,294.47,61.13,81596,24:D7:EB:59:2E:30,---
2025-12-03 15:02:32,294.48,61.13,81594,24:D7:EB:59:2E:30,---
2025-12-03 15:02:33,294.47,61.13,81593,24:D7:EB:59:2E:30,---
2025-12-03 15:02:33,294.48,61.15,81593,24:D7:EB:59:2E:30,---
2025-12-03 15:02:34,294.47,61.14,81593,24:D7:EB:59:2E:30,---
2025-12-03 15:02:34,294.47,61.14,81594,24:D7:EB:59:2E:30,---
2025-12-03 15:02:35,294.47,61.14,81593,24:D7:EB:59:2E:30,---
2025-12-03 15:02:36,294.48,61.15,81593,24:D7:EB:59:2E:30,---
2025-12-03 15:02:36,294.48,61.15,81593,24:D7:EB:59:2E:30,---
2025-12-03 15:02:37,294.48,61.15,81593,24:D7:EB:59:2E:30,---
2025-12-03 15:02:37,294.48,61.13,81595,24:D7:EB:59:2E:30,---
2025-12-03 15:02:38,294.47,61.14,81594,24:D7:EB:59:2E:30,---
2025-12-03 15:02:38,294.48,61.15,81596,24:D7:EB:59:2E:30,---
2025-12-03 15:02:39,294.49,61.13,81594,24:D7:EB:59:2E:30,---
2025-12-03 15:02:39,294.48,61.13,81593,24:D7:EB:59:2E:30,---
2025-12-03 15:02:40,294.48,61.13,81592,24:D7:EB:59:2E:30,---
2025-12-03 15:02:40,294.49,61.12,81594,24:D7:EB:59:2E:30,---
2025-12-03 15:02:41,294.48,61.13,81594,24:D7:EB:59:2E:30,---
2025-12-03 15:02:41,294.49,61.12,81595,24:D7:EB:59:2E:30,---
2025-12-03 15:02:42,294.48,61.12,81593,24:D7:EB:59:2E:30,---
2025-12-03 15:02:42,294.48,61.12,81592,24:D7:EB:59:2E:30,---
2025-12-03 15:02:43,294.48,61.12,81593,24:D7:EB:59:2E:30,---
2025-12-03 15:02:43,294.49,61.11,81595,24:D7:EB:59:2E:30,---
2025-12-03 15:02:44,294.48,61.11,81592,24:D7:EB:59:2E:30,---
2025-12-03 15:02:45,294.48,61.12,81592,24:D7:EB:59:2E:30,---
2025-12-03 15:02:45,294.48,61.12,81593,24:D7:EB:59:2E:30,---
2025-12-03 15:02:46,294.48,61.13,81592,24:D7:EB:59:2E:30,---
2025-12-03 15:02:46,294.48,61.12,81591,24:D7:EB:59:2E:30,---
2025-12-03 15:02:47,294.49,61.12,81589,24:D7:EB:59:2E:30,---
2025-12-03 15:02:47,294.49,61.12,81593,24:D7:EB:59:2E:30,---
2025-12-03 15:02:48,294.49,61.12,81592,24:D7:EB:59:2E:30,---
2025-12-03 15:02:48,294.49,61.12,81594,24:D7:EB:59:2E:30,---
2025-12-03 15:02:49,294.49,61.12,81594,24:D7:EB:59:2E:30,---
2025-12-03 15:02:49,294.49,61.12,81594,24:D7:EB:59:2E:30,---
2025-12-03 15:02:50,294.48,61.13,81594,24:D7:EB:59:2E:30,---
2025-12-03 15:02:50,294.49,61.13,81593,24:D7:EB:59:2E:30,---
2025-12-03 15:02:51,294.48,61.12,81591,24:D7:EB:59:2E:30,---
2025-12-03 15:02:51,294.48,61.12,81591,24:D7:EB:59:2E:30,---
2025-12-03 15:02:52,294.49,61.12,81591,24:D7:EB:59:2E:30,---
2025-12-03 15:02:53,294.49,61.12,81593,24:D7:EB:59:2E:30,---
2025-12-03 15:02:53,294.49,61.12,81591,24:D7:EB:59:2E:30,---
2025-12-03 15:02:54,294.49,61.12,81591,24:D7:EB:59:2E:30,---
2025-12-03 15:02:54,294.49,61.12,81594,24:D7:EB:59:2E:30,---
2025-12-03 15:02:55,294.49,61.12,81591,24:D7:EB:59:2E:30,---
2025-12-03 15:02:55,294.49,61.12,81592,24:D7:EB:59:2E:30,---
2025-12-03 15:02:56,294.50,61.12,81593,24:D7:EB:59:2E:30,---
2025-12-03 15:02:56,294.49,61.12,81591,24:D7:EB:59:2E:30,---
2025-12-03 15:02:57,294.49,61.12,81593,24:D7:EB:59:2E:30,---
2025-12-03 15:02:57,294.49,61.14,81596,24:D7:EB:59:2E:30,---
2025-12-03 15:02:58,294.49,61.11,81591,24:D7:EB:59:2E:30,---
2025-12-03 15:02:58,294.49,61.11,81591,24:D7:EB:59:2E:30,---
2025-12-03 15:02:59,294.49,61.12,81592,24:D7:EB:59:2E:30,---
2025-12-03 15:02:59,294.49,61.12,81589,24:D7:EB:59:2E:30,---
2025-12-03 15:03:00,294.50,61.11,81591,24:D7:EB:59:2E:30,---
2025-12-03 15:03:01,294.50,61.12,81592,24:D7:EB:59:2E:30,---
2025-12-03 15:03:01,294.49,61.12,81591,24:D7:EB:59:2E:30,---
2025-12-03 15:03:02,294.49,61.12,81591,24:D7:EB:59:2E:30,---
2025-12-03 15:03:02,294.50,61.11,81590,24:D7:EB:59:2E:30,---
2025-12-03 15:03:03,294.50,61.11,81594,24:D7:EB:59:2E:30,---
2025-12-03 15:03:03,294.49,61.11,81592,24:D7:EB:59:2E:30,---
2025-12-03 15:03:04,294.50,61.11,81594,24:D7:EB:59:2E:30,---
2025-12-03 15:03:04,294.50,61.11,81593,24:D7:EB:59:2E:30,---
2025-12-03 15:03:05,294.50,61.11,81589,24:D7:EB:59:2E:30,---
2025-12-03 15:03:05,294.50,61.11,81590,24:D7:EB:59:2E:30,---
2025-12-03 15:03:06,294.50,61.11,81589,24:D7:EB:59:2E:30,---
2025-12-03 15:03:06,294.50,61.11,81588,24:D7:EB:59:2E:30,---
2025-12-03 15:03:07,294.49,61.11,81588,24:D7:EB:59:2E:30,---
2025-12-03 15:03:07,294.50,61.11,81589,24:D7:EB:59:2E:30,---
2025-12-03 15:03:08,294.50,61.1,81590,24:D7:EB:59:2E:30,---
2025-12-03 15:03:08,294.50,61.11,81591,24:D7:EB:59:2E:30,---
2025-12-03 15:03:09,294.50,61.1,81592,24:D7:EB:59:2E:30,---
2025-12-03 15:03:09,294.49,61.11,81591,24:D7:EB:59:2E:30,---
2025-12-03 15:03:10,294.50,61.1,81590,24:D7:EB:59:2E:30,---
2025-12-03 15:03:11,294.50,61.1,81590,24:D7:EB:59:2E:30,---
2025-12-03 15:03:11,294.50,61.1,81592,24:D7:EB:59:2E:30,---
2025-12-03 15:03:12,294.50,61.1,81590,24:D7:EB:59:2E:30,---
2025-12-03 15:03:12,294.51,61.1,81592,24:D7:EB:59:2E:30,---
2025-12-03 15:03:13,294.50,61.1,81592,24:D7:EB:59:2E:30,---
2025-12-03 15:03:13,294.51,61.1,81593,24:D7:EB:59:2E:30,---
2025-12-03 15:03:14,294.51,61.1,81591,24:D7:EB:59:2E:30,---
2025-12-03 15:03:14,294.51,61.1,81594,24:D7:EB:59:2E:30,---
2025-12-03 15:03:15,294.51,61.1,81593,24:D7:EB:59:2E:30,---
2025-12-03 15:03:15,294.51,61.1,81593,24:D7:EB:59:2E:30,---
2025-12-03 15:03:16,294.51,61.1,81594,24:D7:EB:59:2E:30,---
2025-12-03 15:03:16,294.51,61.09,81595,24:D7:EB:59:2E:30,---
2025-12-03 15:03:17,294.51,61.09,81592,24:D7:EB:59:2E:30,---
2025-12-03 15:03:17,294.51,61.09,81591,24:D7:EB:59:2E:30,---
2025-12-03 15:03:18,294.51,61.1,81593,24:D7:EB:59:2E:30,---
2025-12-03 15:03:19,294.51,61.09,81592,24:D7:EB:59:2E:30,---
2025-12-03 15:03:19,294.51,61.09,81593,24:D7:EB:59:2E:30,---
2025-12-03 15:03:20,294.52,61.09,81597,24:D7:EB:59:2E:30,---
2025-12-03 15:03:20,294.51,61.09,81593,24:D7:EB:59:2E:30,---
2025-12-03 15:03:21,294.52,61.08,81592,24:D7:EB:59:2E:30,---
2025-12-03 15:03:21,294.51,61.08,81594,24:D7:EB:59:2E:30,---
2025-12-03 15:03:22,294.52,61.08,81592,24:D7:EB:59:2E:30,---
2025-12-03 15:03:22,294.52,61.08,81595,24:D7:EB:59:2E:30,---
2025-12-03 15:03:23,294.51,61.08,81594,24:D7:EB:59:2E:30,---
2025-12-03 15:03:23,294.51,61.07,81590,24:D7:EB:59:2E:30,---
2025-12-03 15:03:24,294.51,61.07,81591,24:D7:EB:59:2E:30,---
2025-12-03 15:03:24,294.51,61.08,81591,24:D7:EB:59:2E:30,---
2025-12-03 15:03:25,294.51,61.07,81594,24:D7:EB:59:2E:30,---
2025-12-03 15:03:25,294.51,61.07,81589,24:D7:EB:59:2E:30,---
2025-12-03 15:03:26,294.51,61.06,81592,24:D7:EB:59:2E:30,---
2025-12-03 15:03:26,294.51,61.07,81594,24:D7:EB:59:2E:30,---
2025-12-03 15:03:27,294.51,61.07,81593,24:D7:EB:59:2E:30,---
2025-12-03 15:03:28,294.51,61.06,81592,24:D7:EB:59:2E:30,---
2025-12-03 15:03:28,294.51,61.06,81590,24:D7:EB:59:2E:30,---
2025-12-03 15:03:29,294.51,61.05,81591,24:D7:EB:59:2E:30,---
2025-12-03 15:03:29,294.51,61.05,81593,24:D7:EB:59:2E:30,---
2025-12-03 15:03:30,294.51,61.06,81592,24:D7:EB:59:2E:30,---
2025-12-03 15:03:30,294.51,61.06,81594,24:D7:EB:59:2E:30,---
2025-12-03 15:03:31,294.51,61.06,81592,24:D7:EB:59:2E:30,---
2025-12-03 15:03:31,294.51,61.06,81595,24:D7:EB:59:2E:30,---
2025-12-03 15:03:32,294.51,61.07,81592,24:D7:EB:59:2E:30,---
2025-12-03 15:03:32,294.51,61.06,81592,24:D7:EB:59:2E:30,---
2025-12-03 15:03:33,294.51,61.06,81591,24:D7:EB:59:2E:30,---
2025-12-03 15:03:33,294.51,61.07,81593,24:D7:EB:59:2E:30,---
2025-12-03 15:03:34,294.51,61.06,81593,24:D7:EB:59:2E:30,---
2025-12-03 15:03:34,294.51,61.06,81590,24:D7:EB:59:2E:30,---
2025-12-03 15:03:35,294.51,61.06,81592,24:D7:EB:59:2E:30,---
2025-12-03 15:03:36,294.52,61.06,81592,24:D7:EB:59:2E:30,---
2025-12-03 15:03:36,294.52,61.06,81590,24:D7:EB:59:2E:30,---
2025-12-03 15:03:37,294.51,61.06,81592,24:D7:EB:59:2E:30,---
2025-12-03 15:03:37,294.51,61.05,81593,24:D7:EB:59:2E:30,---
2025-12-03 15:03:38,294.51,61.06,81593,24:D7:EB:59:2E:30,---
2025-12-03 15:03:38,294.51,61.06,81590,24:D7:EB:59:2E:30,---
2025-12-03 15:03:39,294.51,61.05,81593,24:D7:EB:59:2E:30,---
2025-12-03 15:03:39,294.51,61.05,81594,24:D7:EB:59:2E:30,---
2025-12-03 15:03:40,294.51,61.05,81591,24:D7:EB:59:2E:30,---
2025-12-03 15:03:40,294.52,61.06,81593,24:D7:EB:59:2E:30,---
2025-12-03 15:03:41,294.52,61.05,81589,24:D7:EB:59:2E:30,---
2025-12-03 15:03:41,294.51,61.04,81591,24:D7:EB:59:2E:30,---
2025-12-03 15:03:42,294.52,61.05,81594,24:D7:EB:59:2E:30,---
2025-12-03 15:03:42,294.51,61.04,81590,24:D7:EB:59:2E:30,---
2025-12-03 15:03:43,294.51,61.04,81592,24:D7:EB:59:2E:30,---
2025-12-03 15:03:43,294.52,61.05,81591,24:D7:EB:59:2E:30,---
2025-12-03 15:03:44,294.52,61.05,81592,24:D7:EB:59:2E:30,---
2025-12-03 15:03:45,294.52,61.04,81589,24:D7:EB:59:2E:30,---
2025-12-03 15:03:45,294.52,61.05,81590,24:D7:EB:59:2E:30,---
2025-12-03 15:03:46,294.52,61.04,81592,24:D7:EB:59:2E:30,---
2025-12-03 15:03:46,294.51,61.05,81590,24:D7:EB:59:2E:30,---
2025-12-03 15:03:47,294.51,61.04,81592,24:D7:EB:59:2E:30,---
2025-12-03 15:03:47,294.52,61.05,81591,24:D7:EB:59:2E:30,---
2025-12-03 15:03:48,294.52,61.04,81592,24:D7:EB:59:2E:30,---
2025-12-03 15:03:48,294.52,61.04,81591,24:D7:EB:59:2E:30,---
2025-12-03 15:03:49,294.52,61.05,81595,24:D7:EB:59:2E:30,---
2025-12-03 15:03:49,294.52,61.05,81593,24:D7:EB:59:2E:30,---
2025-12-03 15:03:50,294.52,61.05,81593,24:D7:EB:59:2E:30,---
2025-12-03 15:03:50,294.52,61.04,81592,24:D7:EB:59:2E:30,---
2025-12-03 15:03:51,294.52,61.04,81590,24:D7:EB:59:2E:30,---
2025-12-03 15:03:51,294.52,61.05,81590,24:D7:EB:59:2E:30,---
2025-12-03 15:03:52,294.52,61.04,81588,24:D7:EB:59:2E:30,---
2025-12-03 15:03:53,294.53,61.04,81593,24:D7:EB:59:2E:30,---
2025-12-03 15:03:53,294.52,61.05,81590,24:D7:EB:59:2E:30,---
2025-12-03 15:03:54,294.52,61.05,81590,24:D7:EB:59:2E:30,---
2025-12-03 15:03:54,294.52,61.04,81590,24:D7:EB:59:2E:30,---
2025-12-03 15:03:55,294.52,61.04,81591,24:D7:EB:59:2E:30,---
2025-12-03 15:03:55,294.52,61.04,81590,24:D7:EB:59:2E:30,---
2025-12-03 15:03:56,294.52,61.04,81591,24:D7:EB:59:2E:30,---
2025-12-03 15:03:56,294.52,61.04,81590,24:D7:EB:59:2E:30,---
2025-12-03 15:03:57,294.52,61.04,81592,24:D7:EB:59:2E:30,---
2025-12-03 15:03:57,294.52,61.03,81589,24:D7:EB:59:2E:30,---
2025-12-03 15:03:58,294.52,61.04,81589,24:D7:EB:59:2E:30,---
2025-12-03 15:03:58,294.52,61.03,81588,24:D7:EB:59:2E:30,---
2025-12-03 15:03:59,294.52,61.04,81591,24:D7:EB:59:2E:30,---
2025-12-03 15:03:59,294.53,61.04,81591,24:D7:EB:59:2E:30,---
2025-12-03 15:04:00,294.52,61.03,81592,24:D7:EB:59:2E:30,---
2025-12-03 15:04:00,294.52,61.03,81588,24:D7:EB:59:2E:30,---
2025-12-03 15:04:01,294.52,61.03,81591,24:D7:EB:59:2E:30,---
2025-12-03 15:04:02,294.52,61.03,81589,24:D7:EB:59:2E:30,---
2025-12-03 15:04:02,294.52,61.03,81589,24:D7:EB:59:2E:30,---
2025-12-03 15:04:03,294.52,61.04,81591,24:D7:EB:59:2E:30,---
2025-12-03 15:04:03,294.53,61.04,81591,24:D7:EB:59:2E:30,---
2025-12-03 15:04:04,294.53,61.03,81590,24:D7:EB:59:2E:30,---
2025-12-03 15:04:04,294.53,61.04,81592,24:D7:EB:59:2E:30,---
2025-12-03 15:04:05,294.54,61.03,81593,24:D7:EB:59:2E:30,---
2025-12-03 15:04:05,294.54,61.04,81592,24:D7:EB:59:2E:30,---
2025-12-03 15:04:06,294.53,61.03,81589,24:D7:EB:59:2E:30,---
2025-12-03 15:04:06,294.53,61.03,81589,24:D7:EB:59:2E:30,---
2025-12-03 15:04:07,294.53,61.03,81591,24:D7:EB:59:2E:30,---
2025-12-03 15:04:07,294.53,61.03,81591,24:D7:EB:59:2E:30,---
2025-12-03 15:04:08,294.53,61.03,81590,24:D7:EB:59:2E:30,---
2025-12-03 15:04:08,294.53,61.03,81591,24:D7:EB:59:2E:30,---
2025-12-03 15:04:09,294.53,61.03,81589,24:D7:EB:59:2E:30,---
2025-12-03 15:04:10,294.53,61.03,81589,24:D7:EB:59:2E:30,---
2025-12-03 15:04:10,294.53,61.03,81589,24:D7:EB:59:2E:30,---
2025-12-03 15:04:11,294.53,61.03,81590,24:D7:EB:59:2E:30,---
2025-12-03 15:04:11,294.53,61.03,81592,24:D7:EB:59:2E:30,---
2025-12-03 15:04:12,294.53,61.03,81593,24:D7:EB:59:2E:30,---
2025-12-03 15:04:12,294.53,61.03,81590,24:D7:EB:59:2E:30,---
2025-12-03 15:04:13,294.53,61.03,81590,24:D7:EB:59:2E:30,---
2025-12-03 15:04:13,294.54,61.03,81591,24:D7:EB:59:2E:30,---
2025-12-03 15:04:14,294.53,61.03,81590,24:D7:EB:59:2E:30,---
2025-12-03 15:04:14,294.53,61.03,81593,24:D7:EB:59:2E:30,---
2025-12-03 15:04:15,294.53,61.03,81592,24:D7:EB:59:2E:30,---
2025-12-03 15:04:15,294.53,61.03,81590,24:D7:EB:59:2E:30,---
2025-12-03 15:04:16,294.53,61.02,81593,24:D7:EB:59:2E:30,---
2025-12-03 15:04:16,294.53,61.02,81591,24:D7:EB:59:2E:30,---
2025-12-03 15:04:17,294.53,61.02,81590,24:D7:EB:59:2E:30,---
2025-12-03 15:04:17,294.54,61.02,81591,24:D7:EB:59:2E:30,---
2025-12-03 15:04:18,294.53,61.03,81591,24:D7:EB:59:2E:30,---
2025-12-03 15:04:19,294.54,61.02,81590,24:D7:EB:59:2E:30,---
2025-12-03 15:04:19,294.53,61.02,81592,24:D7:EB:59:2E:30,---
2025-12-03 15:04:20,294.53,61.02,81589,24:D7:EB:59:2E:30,---
2025-12-03 15:04:20,294.54,61.02,81587,24:D7:EB:59:2E:30,---
2025-12-03 15:04:21,294.54,61.02,81589,24:D7:EB:59:2E:30,---
2025-12-03 15:04:21,294.54,61.02,81590,24:D7:EB:59:2E:30,---
2025-12-03 15:04:22,294.53,61.02,81588,24:D7:EB:59:2E:30,---
2025-12-03 15:04:22,294.54,61.01,81591,24:D7:EB:59:2E:30,---
2025-12-03 15:04:23,294.54,61.01,81595,24:D7:EB:59:2E:30,---
2025-12-03 15:04:23,294.54,61.01,81591,24:D7:EB:59:2E:30,---
2025-12-03 15:04:24,294.54,61.01,81590,24:D7:EB:59:2E:30,---
2025-12-03 15:04:24,294.54,61.02,81590,24:D7:EB:59:2E:30,---
2025-12-03 15:04:25,294.54,61.02,81591,24:D7:EB:59:2E:30,---
2025-12-03 15:04:25,294.54,61.01,81591,24:D7:EB:59:2E:30,---
2025-12-03 15:04:26,294.54,61.01,81589,24:D7:EB:59:2E:30,---
2025-12-03 15:04:26,294.54,61.01,81588,24:D7:EB:59:2E:30,---
2025-12-03 15:04:27,294.54,61.02,81594,24:D7:EB:59:2E:30,---
2025-12-03 15:04:28,294.55,61.01,81595,24:D7:EB:59:2E:30,---
2025-12-03 15:04:28,294.54,61.01,81590,24:D7:EB:59:2E:30,---
2025-12-03 15:04:29,294.54,61.01,81591,24:D7:EB:59:2E:30,---
2025-12-03 15:04:29,294.54,61.01,81589,24:D7:EB:59:2E:30,---
2025-12-03 15:04:30,294.54,61.01,81586,24:D7:EB:59:2E:30,---
2025-12-03 15:04:30,294.54,61.0,81587,24:D7:EB:59:2E:30,---
2025-12-03 15:04:31,294.54,61.01,81586,24:D7:EB:59:2E:30,---
2025-12-03 15:04:31,294.54,61.01,81588,24:D7:EB:59:2E:30,---
2025-12-03 15:04:32,294.55,61.01,81592,24:D7:EB:59:2E:30,---
2025-12-03 15:04:32,294.54,61.01,81587,24:D7:EB:59:2E:30,---
2025-12-03 15:04:33,294.55,61.01,81589,24:D7:EB:59:2E:30,---
2025-12-03 15:04:33,294.55,61.0,81586,24:D7:EB:59:2E:30,---
2025-12-03 15:04:34,294.55,61.0,81586,24:D7:EB:59:2E:30,---
2025-12-03 15:04:34,294.55,61.0,81589,24:D7:EB:59:2E:30,---
2025-12-03 15:04:35,294.55,60.99,81586,24:D7:EB:59:2E:30,---
2025-12-03 15:04:36,294.55,61.0,81591,24:D7:EB:59:2E:30,---
2025-12-03 15:04:36,294.55,61.01,81588,24:D7:EB:59:2E:30,---
2025-12-03 15:04:37,294.54,61.0,81591,24:D7:EB:59:2E:30,---
2025-12-03 15:04:37,294.56,61.0,81590,24:D7:EB:59:2E:30,---
2025-12-03 15:04:38,294.56,61.0,81589,24:D7:EB:59:2E:30,---
2025-12-03 15:04:38,294.55,61.0,81586,24:D7:EB:59:2E:30,---
2025-12-03 15:04:39,294.55,61.0,81585,24:D7:EB:59:2E:30,---
2025-12-03 15:04:39,294.55,61.0,81587,24:D7:EB:59:2E:30,---
2025-12-03 15:04:40,294.56,61.0,81586,24:D7:EB:59:2E:30,---
2025-12-03 15:04:40,294.56,61.0,81591,24:D7:EB:59:2E:30,---
2025-12-03 15:04:41,294.55,61.0,81590,24:D7:EB:59:2E:30,---
2025-12-03 15:04:41,294.55,61.0,81590,24:D7:EB:59:2E:30,---
2025-12-03 15:04:42,294.55,61.0,81590,24:D7:EB:59:2E:30,---
2025-12-03 15:04:42,294.55,60.99,81588,24:D7:EB:59:2E:30,---
2025-12-03 15:04:43,294.56,61.0,81585,24:D7:EB:59:2E:30,---
2025-12-03 15:04:43,294.56,61.01,81586,24:D7:EB:59:2E:30,---
2025-12-03 15:04:44,294.56,60.99,81586,24:D7:EB:59:2E:30,---
2025-12-03 15:04:45,294.56,61.0,81583,24:D7:EB:59:2E:30,---
2025-12-03 15:04:45,294.56,61.0,81590,24:D7:EB:59:2E:30,---
2025-12-03 15:04:46,294.56,60.99,81588,24:D7:EB:59:2E:30,---
2025-12-03 15:04:46,294.56,60.99,81592,24:D7:EB:59:2E:30,---
2025-12-03 15:04:47,294.56,60.99,81588,24:D7:EB:59:2E:30,---
2025-12-03 15:04:47,294.56,61.0,81588,24:D7:EB:59:2E:30,---
2025-12-03 15:04:48,294.56,60.99,81590,24:D7:EB:59:2E:30,---
2025-12-03 15:04:48,294.56,61.0,81585,24:D7:EB:59:2E:30,---
2025-12-03 15:04:49,294.56,61.0,81587,24:D7:EB:59:2E:30,---
2025-12-03 15:04:49,294.57,61.0,81588,24:D7:EB:59:2E:30,---
2025-12-03 15:04:50,294.56,61.0,81587,24:D7:EB:59:2E:30,---
2025-12-03 15:04:50,294.56,61.0,81588,24:D7:EB:59:2E:30,---
2025-12-03 15:04:51,294.56,61.0,81587,24:D7:EB:59:2E:30,---
2025-12-03 15:04:51,294.57,61.0,81587,24:D7:EB:59:2E:30,---
2025-12-03 15:04:52,294.57,61.0,81584,24:D7:EB:59:2E:30,---
2025-12-03 15:04:53,294.56,61.01,81586,24:D7:EB:59:2E:30,---
2025-12-03 15:04:53,294.57,61.01,81589,24:D7:EB:59:2E:30,---
2025-12-03 15:04:54,294.57,61.02,81587,24:D7:EB:59:2E:30,---
2025-12-03 15:04:54,294.57,61.02,81588,24:D7:EB:59:2E:30,---
2025-12-03 15:04:55,294.57,61.01,81587,24:D7:EB:59:2E:30,---
2025-12-03 15:04:55,294.56,61.02,81592,24:D7:EB:59:2E:30,---
2025-12-03 15:04:56,294.56,61.01,81595,24:D7:EB:59:2E:30,---
2025-12-03 15:04:56,294.56,61.0,81587,24:D7:EB:59:2E:30,---
2025-12-03 15:04:57,294.56,61.01,81587,24:D7:EB:59:2E:30,---
2025-12-03 15:04:57,294.56,61.0,81586,24:D7:EB:59:2E:30,---
2025-12-03 15:04:58,294.56,60.99,81590,24:D7:EB:59:2E:30,---
2025-12-03 15:04:58,294.56,60.99,81587,24:D7:EB:59:2E:30,---
2025-12-03 15:04:59,294.56,60.99,81587,24:D7:EB:59:2E:30,---
2025-12-03 15:04:59,294.56,60.99,81588,24:D7:EB:59:2E:30,---
2025-12-03 15:05:00,294.56,60.98,81586,24:D7:EB:59:2E:30,---
2025-12-03 15:05:00,294.56,61.0,81587,24:D7:EB:59:2E:30,---
2025-12-03 15:05:01,294.56,60.99,81590,24:D7:EB:59:2E:30,---
2025-12-03 15:05:02,294.58,61.0,81588,24:D7:EB:59:2E:30,---
2025-12-03 15:05:02,294.56,60.99,81585,24:D7:EB:59:2E:30,---
2025-12-03 15:05:03,294.57,60.99,81586,24:D7:EB:59:2E:30,---
2025-12-03 15:05:03,294.56,60.99,81585,24:D7:EB:59:2E:30,---
2025-12-03 15:05:04,294.56,60.99,81586,24:D7:EB:59:2E:30,---
2025-12-03 15:05:04,294.57,60.99,81584,24:D7:EB:59:2E:30,---
2025-12-03 15:05:05,294.56,60.98,81587,24:D7:EB:59:2E:30,---
2025-12-03 15:05:05,294.57,60.98,81589,24:D7:EB:59:2E:30,---
2025-12-03 15:05:06,294.56,60.98,81589,24:D7:EB:59:2E:30,---
2025-12-03 15:05:06,294.57,60.99,81587,24:D7:EB:59:2E:30,---
2025-12-03 15:05:07,294.56,60.98,81586,24:D7:EB:59:2E:30,---
2025-12-03 15:05:07,294.57,60.97,81592,24:D7:EB:59:2E:30,---
2025-12-03 15:05:08,294.57,60.97,81590,24:D7:EB:59:2E:30,---
2025-12-03 15:05:08,294.57,60.97,81588,24:D7:EB:59:2E:30,---
2025-12-03 15:05:09,294.56,60.95,81586,24:D7:EB:59:2E:30,---
2025-12-03 15:05:10,294.56,60.95,81587,24:D7:EB:59:2E:30,---
2025-12-03 15:05:10,294.57,60.95,81590,24:D7:EB:59:2E:30,---
2025-12-03 15:05:11,294.57,60.95,81590,24:D7:EB:59:2E:30,---
2025-12-03 15:05:11,294.57,60.95,81588,24:D7:EB:59:2E:30,---
2025-12-03 15:05:12,294.57,60.97,81582,24:D7:EB:59:2E:30,---
2025-12-03 15:05:12,294.57,60.97,81586,24:D7:EB:59:2E:30,---
2025-12-03 15:05:13,294.57,60.97,81585,24:D7:EB:59:2E:30,---
2025-12-03 15:05:13,294.57,60.96,81583,24:D7:EB:59:2E:30,---
2025-12-03 15:05:14,294.57,60.95,81586,24:D7:EB:59:2E:30,---
2025-12-03 15:05:14,294.57,60.96,81584,24:D7:EB:59:2E:30,---
2025-12-03 15:05:15,294.57,60.96,81585,24:D7:EB:59:2E:30,---
2025-12-03 15:05:15,294.57,60.95,81582,24:D7:EB:59:2E:30,---
2025-12-03 15:05:16,294.57,60.97,81585,24:D7:EB:59:2E:30,---
2025-12-03 15:05:16,294.57,60.97,81586,24:D7:EB:59:2E:30,---
2025-12-03 15:05:17,294.58,60.96,81585,24:D7:EB:59:2E:30,---
2025-12-03 15:05:17,294.57,60.95,81587,24:D7:EB:59:2E:30,---
2025-12-03 15:05:18,294.57,60.97,81586,24:D7:EB:59:2E:30,---
2025-12-03 15:05:19,294.57,60.96,81588,24:D7:EB:59:2E:30,---
2025-12-03 15:05:19,294.58,60.97,81592,24:D7:EB:59:2E:30,---
2025-12-03 15:05:20,294.57,60.97,81588,24:D7:EB:59:2E:30,---
2025-12-03 15:05:20,294.57,60.96,81585,24:D7:EB:59:2E:30,---
2025-12-03 15:05:21,294.57,60.95,81588,24:D7:EB:59:2E:30,---
2025-12-03 15:05:21,294.57,60.96,81586,24:D7:EB:59:2E:30,---
2025-12-03 15:05:22,294.58,60.96,81587,24:D7:EB:59:2E:30,---
2025-12-03 15:05:22,294.58,60.96,81586,24:D7:EB:59:2E:30,---
2025-12-03 15:05:23,294.57,60.97,81584,24:D7:EB:59:2E:30,---
2025-12-03 15:05:23,294.57,60.96,81583,24:D7:EB:59:2E:30,---
2025-12-03 15:05:24,294.57,60.96,81584,24:D7:EB:59:2E:30,---
2025-12-03 15:05:24,294.58,60.96,81587,24:D7:EB:59:2E:30,---
2025-12-03 15:05:25,294.57,60.94,81585,24:D7:EB:59:2E:30,---
2025-12-03 15:05:25,294.57,60.96,81584,24:D7:EB:59:2E:30,---
2025-12-03 15:05:26,294.57,60.96,81582,24:D7:EB:59:2E:30,---
2025-12-03 15:05:26,294.58,60.97,81584,24:D7:EB:59:2E:30,---
2025-12-03 15:05:27,294.57,60.96,81586,24:D7:EB:59:2E:30,---
2025-12-03 15:05:28,294.58,60.97,81585,24:D7:EB:59:2E:30,---
2025-12-03 15:05:28,294.58,60.96,81583,24:D7:EB:59:2E:30,---
2025-12-03 15:05:29,294.57,60.97,81585,24:D7:EB:59:2E:30,---
2025-12-03 15:05:29,294.58,60.98,81583,24:D7:EB:59:2E:30,---
2025-12-03 15:05:30,294.58,60.98,81583,24:D7:EB:59:2E:30,---
2025-12-03 15:05:30,294.58,60.97,81581,24:D7:EB:59:2E:30,---
2025-12-03 15:05:31,294.58,60.97,81582,24:D7:EB:59:2E:30,---
2025-12-03 15:05:31,294.58,60.97,81584,24:D7:EB:59:2E:30,---
2025-12-03 15:05:32,294.58,60.98,81584,24:D7:EB:59:2E:30,---
2025-12-03 15:05:32,294.58,60.97,81582,24:D7:EB:59:2E:30,---
2025-12-03 15:05:33,294.58,60.98,81586,24:D7:EB:59:2E:30,---
2025-12-03 15:05:33,294.58,60.99,81585,24:D7:EB:59:2E:30,---
2025-12-03 15:05:34,294.58,60.98,81585,24:D7:EB:59:2E:30,---
2025-12-03 15:05:34,294.58,60.98,81582,24:D7:EB:59:2E:30,---
2025-12-03 15:05:35,294.58,60.97,81585,24:D7:EB:59:2E:30,---
2025-12-03 15:05:36,294.58,60.98,81583,24:D7:EB:59:2E:30,---
2025-12-03 15:05:36,294.58,60.97,81583,24:D7:EB:59:2E:30,---
2025-12-03 15:05:37,294.58,60.96,81583,24:D7:EB:59:2E:30,---
2025-12-03 15:05:37,294.58,60.98,81587,24:D7:EB:59:2E:30,---
2025-12-03 15:05:38,294.58,60.98,81585,24:D7:EB:59:2E:30,---
2025-12-03 16:13:59,295.13,58.69,81553,24:D7:EB:59:2E:30,---
2025-12-03 16:13:59,295.12,58.69,81552,24:D7:EB:59:2E:30,---
2025-12-03 16:14:00,295.12,58.69,81553,24:D7:EB:59:2E:30,---
2025-12-03 16:14:00,295.12,58.68,81552,24:D7:EB:59:2E:30,---
2025-12-03 16:14:01,295.12,58.68,81554,24:D7:EB:59:2E:30,---
2025-12-03 16:14:01,295.13,58.67,81555,24:D7:EB:59:2E:30,---
2025-12-03 16:14:02,295.13,58.67,81556,24:D7:EB:59:2E:30,---
2025-12-03 16:14:02,295.12,58.67,81550,24:D7:EB:59:2E:30,---
2025-12-03 16:14:03,295.13,58.68,81552,24:D7:EB:59:2E:30,---
2025-12-03 16:14:03,295.12,58.67,81553,24:D7:EB:59:2E:30,---
2025-12-03 16:14:04,295.13,58.66,81553,24:D7:EB:59:2E:30,---
2025-12-03 16:14:04,295.12,58.67,81552,24:D7:EB:59:2E:30,---
2025-12-03 16:14:05,295.13,58.66,81554,24:D7:EB:59:2E:30,---
2025-12-03 16:14:06,295.13,58.66,81552,24:D7:EB:59:2E:30,---
2025-12-03 16:14:06,295.13,58.67,81553,24:D7:EB:59:2E:30,---
2025-12-03 16:14:07,295.13,58.67,81553,24:D7:EB:59:2E:30,---
2025-12-03 16:14:07,295.13,58.68,81552,24:D7:EB:59:2E:30,---
2025-12-03 16:14:08,295.13,58.68,81553,24:D7:EB:59:2E:30,---
2025-12-03 16:14:08,295.13,58.68,81554,24:D7:EB:59:2E:30,---
2025-12-03 16:14:09,295.12,58.67,81555,24:D7:EB:59:2E:30,---
2025-12-03 16:14:09,295.14,58.67,81555,24:D7:EB:59:2E:30,---
2025-12-03 16:14:10,295.13,58.68,81554,24:D7:EB:59:2E:30,---
2025-12-03 16:14:10,295.13,58.67,81553,24:D7:EB:59:2E:30,---
2025-12-03 16:14:11,295.13,58.67,81552,24:D7:EB:59:2E:30,---
2025-12-03 16:14:11,295.13,58.68,81553,24:D7:EB:59:2E:30,---
2025-12-03 16:14:12,295.13,58.66,81552,24:D7:EB:59:2E:30,---
2025-12-03 16:14:12,295.13,58.66,81553,24:D7:EB:59:2E:30,---
2025-12-03 16:14:13,295.14,58.64,81554,24:D7:EB:59:2E:30,---
2025-12-03 16:14:13,295.14,58.63,81555,24:D7:EB:59:2E:30,---
2025-12-03 16:14:14,295.14,58.62,81555,24:D7:EB:59:2E:30,---
2025-12-03 16:14:15,295.13,58.6,81552,24:D7:EB:59:2E:30,---
2025-12-03 16:14:15,295.13,58.58,81554,24:D7:EB:59:2E:30,---
2025-12-03 16:14:16,295.13,58.58,81553,24:D7:EB:59:2E:30,---
2025-12-03 16:14:16,295.13,58.56,81551,24:D7:EB:59:2E:30,---
2025-12-03 16:14:17,295.13,58.55,81553,24:D7:EB:59:2E:30,---
2025-12-03 16:14:17,295.13,58.52,81553,24:D7:EB:59:2E:30,---
2025-12-03 16:14:18,295.13,58.5,81556,24:D7:EB:59:2E:30,---
2025-12-03 16:14:18,295.13,58.49,81552,24:D7:EB:59:2E:30,---
2025-12-03 16:14:19,295.13,58.48,81553,24:D7:EB:59:2E:30,---
2025-12-03 16:14:19,295.13,58.47,81553,24:D7:EB:59:2E:30,---
2025-12-03 16:14:20,295.13,58.46,81552,24:D7:EB:59:2E:30,---
2025-12-03 16:14:20,295.13,58.45,81556,24:D7:EB:59:2E:30,---
2025-12-03 16:14:21,295.13,58.45,81554,24:D7:EB:59:2E:30,---
2025-12-03 16:14:21,295.13,58.45,81556,24:D7:EB:59:2E:30,---
2025-12-03 16:14:22,295.13,58.44,81553,24:D7:EB:59:2E:30,---
2025-12-03 16:14:23,295.13,58.42,81556,24:D7:EB:59:2E:30,---
2025-12-03 16:14:23,295.13,58.42,81553,24:D7:EB:59:2E:30,---
2025-12-03 16:14:24,295.14,58.42,81556,24:D7:EB:59:2E:30,---
2025-12-03 16:14:24,295.13,58.41,81555,24:D7:EB:59:2E:30,---
2025-12-03 16:14:25,295.13,58.41,81552,24:D7:EB:59:2E:30,---
2025-12-03 16:14:25,295.14,58.42,81555,24:D7:EB:59:2E:30,---
2025-12-03 16:14:26,295.13,58.41,81553,24:D7:EB:59:2E:30,---
2025-12-03 16:14:26,295.13,58.42,81552,24:D7:EB:59:2E:30,---
2025-12-03 16:14:27,295.14,58.41,81555,24:D7:EB:59:2E:30,---
2025-12-03 16:14:27,295.14,58.41,81554,24:D7:EB:59:2E:30,---
2025-12-03 16:14:28,295.13,58.41,81554,24:D7:EB:59:2E:30,---
2025-12-03 16:14:28,295.13,58.41,81552,24:D7:EB:59:2E:30,---
2025-12-03 16:14:29,295.13,58.41,81550,24:D7:EB:59:2E:30,---
2025-12-03 16:14:29,295.13,58.4,81553,24:D7:EB:59:2E:30,---
2025-12-03 16:14:30,295.13,58.4,81553,24:D7:EB:59:2E:30,---
2025-12-03 16:14:30,295.13,58.39,81553,24:D7:EB:59:2E:30,---
2025-12-03 16:14:31,295.13,58.4,81551,24:D7:EB:59:2E:30,---
2025-12-03 16:14:32,295.13,58.4,81554,24:D7:EB:59:2E:30,---
2025-12-03 16:14:32,295.13,58.4,81553,24:D7:EB:59:2E:30,---
2025-12-03 16:14:33,295.13,58.42,81553,24:D7:EB:59:2E:30,---
2025-12-03 16:14:33,295.13,58.42,81552,24:D7:EB:59:2E:30,---
2025-12-03 16:14:34,295.13,58.44,81553,24:D7:EB:59:2E:30,---
2025-12-03 16:14:34,295.14,58.45,81552,24:D7:EB:59:2E:30,---
2025-12-03 16:14:35,295.14,58.45,81552,24:D7:EB:59:2E:30,---
2025-12-03 16:14:35,295.13,58.46,81552,24:D7:EB:59:2E:30,---
2025-12-03 16:14:36,295.14,58.46,81553,24:D7:EB:59:2E:30,---
2025-12-03 16:14:36,295.13,58.46,81553,24:D7:EB:59:2E:30,---
2025-12-03 16:14:37,295.13,58.46,81550,24:D7:EB:59:2E:30,---
2025-12-03 16:21:23,295.35,58.27,81556,24:D7:EB:59:2E:30,---
2025-12-03 16:21:24,295.35,58.27,81557,24:D7:EB:59:2E:30,---
2025-12-03 16:21:24,295.35,58.27,81557,24:D7:EB:59:2E:30,---
2025-12-03 16:21:25,295.34,58.27,81554,24:D7:EB:59:2E:30,---
2025-12-03 16:21:25,295.34,58.27,81554,24:D7:EB:59:2E:30,---
2025-12-03 16:21:26,295.35,58.27,81553,24:D7:EB:59:2E:30,---
2025-12-03 16:21:27,295.34,58.27,81552,24:D7:EB:59:2E:30,---
2025-12-03 16:21:27,295.34,58.27,81553,24:D7:EB:59:2E:30,---
2025-12-03 16:21:28,295.35,58.26,81556,24:D7:EB:59:2E:30,---
2025-12-03 16:21:28,295.34,58.26,81552,24:D7:EB:59:2E:30,---
2025-12-03 16:21:29,295.34,58.26,81553,24:D7:EB:59:2E:30,---
2025-12-03 16:21:29,295.34,58.27,81553,24:D7:EB:59:2E:30,---
2025-12-03 16:21:30,295.34,58.27,81553,24:D7:EB:59:2E:30,---
2025-12-03 16:21:30,295.34,58.26,81553,24:D7:EB:59:2E:30,---
2025-12-03 16:21:31,295.34,58.26,81553,24:D7:EB:59:2E:30,---
2025-12-03 16:21:31,295.34,58.26,81553,24:D7:EB:59:2E:30,---
2025-12-03 16:21:32,295.35,58.25,81554,24:D7:EB:59:2E:30,---
2025-12-03 16:21:32,295.34,58.25,81553,24:D7:EB:59:2E:30,---
2025-12-03 16:21:33,295.34,58.25,81554,24:D7:EB:59:2E:30,---
2025-12-03 16:21:33,295.34,58.24,81552,24:D7:EB:59:2E:30,---
2025-12-03 16:21:34,295.34,58.23,81552,24:D7:EB:59:2E:30,---
2025-12-03 16:21:35,295.34,58.23,81553,24:D7:EB:59:2E:30,---
2025-12-03 16:21:35,295.35,58.23,81554,24:D7:EB:59:2E:30,---
2025-12-03 16:21:36,295.34,58.2,81550,24:D7:EB:59:2E:30,---
2025-12-03 16:21:36,295.35,58.2,81554,24:D7:EB:59:2E:30,---
2025-12-03 16:21:37,295.35,58.2,81553,24:D7:EB:59:2E:30,---
2025-12-03 16:21:37,295.34,58.2,81553,24:D7:EB:59:2E:30,---
2025-12-03 16:21:38,295.34,58.19,81549,24:D7:EB:59:2E:30,---
2025-12-03 16:21:38,295.34,58.19,81551,24:D7:EB:59:2E:30,---
2025-12-03 16:21:39,295.34,58.18,81552,24:D7:EB:59:2E:30,---
2025-12-03 16:21:39,295.34,58.19,81552,24:D7:EB:59:2E:30,---
2025-12-03 16:21:40,295.34,58.18,81551,24:D7:EB:59:2E:30,---
2025-12-03 16:21:40,295.34,58.18,81550,24:D7:EB:59:2E:30,---
2025-12-03 16:21:41,295.34,58.18,81551,24:D7:EB:59:2E:30,---
2025-12-03 16:21:41,295.34,58.17,81552,24:D7:EB:59:2E:30,---
2025-12-03 16:21:42,295.34,58.17,81551,24:D7:EB:59:2E:30,---
2025-12-03 16:21:42,295.34,58.17,81553,24:D7:EB:59:2E:30,---
2025-12-03 16:21:43,295.34,58.17,81552,24:D7:EB:59:2E:30,---
2025-12-03 16:21:44,295.34,58.17,81551,24:D7:EB:59:2E:30,---
2025-12-03 16:21:44,295.35,58.17,81551,24:D7:EB:59:2E:30,---
2025-12-03 16:21:45,295.35,58.16,81551,24:D7:EB:59:2E:30,---
2025-12-03 16:21:45,295.34,58.16,81552,24:D7:EB:59:2E:30,---
2025-12-03 16:21:46,295.35,58.16,81550,24:D7:EB:59:2E:30,---
2025-12-03 16:21:46,295.34,58.17,81550,24:D7:EB:59:2E:30,---
2025-12-03 16:21:47,295.34,58.17,81550,24:D7:EB:59:2E:30,---
2025-12-03 16:21:47,295.34,58.17,81548,24:D7:EB:59:2E:30,---
2025-12-03 16:21:48,295.34,58.17,81550,24:D7:EB:59:2E:30,---
2025-12-03 16:21:48,295.34,58.18,81548,24:D7:EB:59:2E:30,---
2025-12-03 16:21:49,295.34,58.18,81552,24:D7:EB:59:2E:30,---
2025-12-03 16:21:49,295.34,58.18,81548,24:D7:EB:59:2E:30,---
2025-12-03 16:21:50,295.34,58.18,81551,24:D7:EB:59:2E:30,---
2025-12-03 16:21:50,295.35,58.17,81552,24:D7:EB:59:2E:30,---
2025-12-03 16:21:51,295.34,58.18,81551,24:D7:EB:59:2E:30,---
2025-12-03 16:21:51,295.34,58.18,81552,24:D7:EB:59:2E:30,---
2025-12-03 16:21:52,295.34,58.17,81549,24:D7:EB:59:2E:30,---
2025-12-03 16:21:53,295.35,58.17,81552,24:D7:EB:59:2E:30,---
2025-12-03 16:21:53,295.35,58.18,81550,24:D7:EB:59:2E:30,---
2025-12-03 16:21:54,295.35,58.18,81547,24:D7:EB:59:2E:30,---
2025-12-03 16:21:54,295.35,58.18,81550,24:D7:EB:59:2E:30,---
2025-12-03 16:21:55,295.35,58.18,81549,24:D7:EB:59:2E:30,---
2025-12-03 16:21:55,295.36,58.19,81553,24:D7:EB:59:2E:30,---
2025-12-03 16:21:56,295.35,58.18,81550,24:D7:EB:59:2E:30,---
2025-12-03 16:21:56,295.35,58.19,81553,24:D7:EB:59:2E:30,---
2025-12-03 16:21:57,295.35,58.18,81552,24:D7:EB:59:2E:30,---
2025-12-03 16:21:57,295.34,58.19,81552,24:D7:EB:59:2E:30,---
2025-12-03 16:21:58,295.35,58.19,81553,24:D7:EB:59:2E:30,---
2025-12-03 16:21:58,295.34,58.18,81553,24:D7:EB:59:2E:30,---
2025-12-03 16:21:59,295.35,58.18,81552,24:D7:EB:59:2E:30,---
2025-12-03 16:21:59,295.35,58.18,81552,24:D7:EB:59:2E:30,---
2025-12-03 16:22:00,295.35,58.17,81549,24:D7:EB:59:2E:30,---
2025-12-03 16:22:01,295.35,58.17,81550,24:D7:EB:59:2E:30,---
2025-12-03 16:22:01,295.35,58.17,81550,24:D7:EB:59:2E:30,---
2025-12-03 16:22:02,295.36,58.17,81553,24:D7:EB:59:2E:30,---
2025-12-03 16:22:02,295.35,58.17,81552,24:D7:EB:59:2E:30,---
2025-12-03 16:22:03,295.36,58.17,81551,24:D7:EB:59:2E:30,---
2025-12-03 16:22:03,295.35,58.17,81553,24:D7:EB:59:2E:30,---
2025-12-03 16:22:04,295.34,58.16,81551,24:D7:EB:59:2E:30,---
2025-12-03 16:22:04,295.35,58.16,81552,24:D7:EB:59:2E:30,---
2025-12-03 16:22:05,295.35,58.17,81551,24:D7:EB:59:2E:30,---
2025-12-03 16:22:05,295.35,58.17,81550,24:D7:EB:59:2E:30,---
2025-12-03 16:22:06,295.35,58.17,81551,24:D7:EB:59:2E:30,---
2025-12-03 16:22:06,295.35,58.17,81552,24:D7:EB:59:2E:30,---
2025-12-03 16:22:07,295.35,58.18,81551,24:D7:EB:59:2E:30,---
2025-12-03 16:22:07,295.35,58.18,81551,24:D7:EB:59:2E:30,---
2025-12-03 16:22:08,295.35,58.19,81552,24:D7:EB:59:2E:30,---
2025-12-03 16:22:08,295.34,58.19,81553,24:D7:EB:59:2E:30,---
2025-12-03 16:22:09,295.34,58.19,81550,24:D7:EB:59:2E:30,---
2025-12-03 16:22:10,295.35,58.19,81550,24:D7:EB:59:2E:30,---
2025-12-03 16:22:13,295.36,58.19,81553,24:D7:EB:59:2E:30,---
2025-12-03 16:22:14,295.35,58.2,81554,24:D7:EB:59:2E:30,---
2025-12-03 16:22:14,295.35,58.2,81552,24:D7:EB:59:2E:30,---
2025-12-03 16:22:15,295.35,58.23,81551,24:D7:EB:59:2E:30,---
2025-12-03 16:22:15,295.35,58.22,81550,24:D7:EB:59:2E:30,---
2025-12-03 16:22:16,295.35,58.2,81552,24:D7:EB:59:2E:30,---
2025-12-03 16:22:16,295.35,58.2,81553,24:D7:EB:59:2E:30,---
2025-12-03 16:22:17,295.35,58.22,81554,24:D7:EB:59:2E:30,---
2025-12-03 16:22:17,295.35,58.22,81551,24:D7:EB:59:2E:30,---
2025-12-03 16:22:18,295.35,58.22,81552,24:D7:EB:59:2E:30,---
2025-12-03 16:22:18,295.35,58.2,81555,24:D7:EB:59:2E:30,---
2025-12-03 16:22:19,295.35,58.22,81554,24:D7:EB:59:2E:30,---
2025-12-03 16:22:20,295.36,58.22,81555,24:D7:EB:59:2E:30,---
2025-12-03 16:26:55,295.64,57.88,81553,24:D7:EB:59:2E:30,---
2025-12-03 16:26:56,295.64,57.87,81551,24:D7:EB:59:2E:30,---
2025-12-03 16:26:56,295.64,57.88,81554,24:D7:EB:59:2E:30,---
2025-12-03 16:26:57,295.64,57.88,81553,24:D7:EB:59:2E:30,---
2025-12-03 16:26:57,295.65,57.88,81552,24:D7:EB:59:2E:30,---
2025-12-03 16:26:58,295.64,57.88,81551,24:D7:EB:59:2E:30,---
2025-12-03 16:26:58,295.65,57.88,81553,24:D7:EB:59:2E:30,---
2025-12-03 16:26:59,295.64,57.88,81552,24:D7:EB:59:2E:30,---
2025-12-03 16:26:59,295.64,57.88,81552,24:D7:EB:59:2E:30,---
2025-12-03 16:27:00,295.65,57.88,81556,24:D7:EB:59:2E:30,---
2025-12-03 16:27:00,295.64,57.88,81554,24:D7:EB:59:2E:30,---
2025-12-03 16:27:01,295.64,57.89,81553,24:D7:EB:59:2E:30,---
2025-12-03 16:27:01,295.64,57.89,81551,24:D7:EB:59:2E:30,---
2025-12-03 16:27:02,295.64,57.9,81552,24:D7:EB:59:2E:30,---
2025-12-03 16:27:03,295.64,57.9,81552,24:D7:EB:59:2E:30,---
2025-12-03 16:27:03,295.64,57.9,81551,24:D7:EB:59:2E:30,---
2025-12-03 16:27:04,295.64,57.9,81554,24:D7:EB:59:2E:30,---
2025-12-03 16:27:04,295.64,57.9,81549,24:D7:EB:59:2E:30,---
2025-12-03 16:27:05,295.64,57.9,81551,24:D7:EB:59:2E:30,---
2025-12-03 16:27:05,295.64,57.9,81552,24:D7:EB:59:2E:30,---
2025-12-03 16:27:06,295.65,57.92,81551,24:D7:EB:59:2E:30,---
2025-12-03 16:27:06,295.63,57.92,81552,24:D7:EB:59:2E:30,---
2025-12-03 16:27:07,295.64,57.92,81550,24:D7:EB:59:2E:30,---
2025-12-03 16:27:07,295.64,57.92,81554,24:D7:EB:59:2E:30,---
2025-12-03 16:27:08,295.64,57.92,81553,24:D7:EB:59:2E:30,---
2025-12-03 16:27:08,295.64,57.92,81551,24:D7:EB:59:2E:30,---
2025-12-03 16:27:09,295.63,57.92,81552,24:D7:EB:59:2E:30,---
2025-12-03 16:27:09,295.64,57.92,81550,24:D7:EB:59:2E:30,---
2025-12-03 16:27:10,295.64,57.93,81551,24:D7:EB:59:2E:30,---
2025-12-03 16:27:10,295.63,57.93,81554,24:D7:EB:59:2E:30,---
2025-12-03 16:27:11,295.64,57.93,81550,24:D7:EB:59:2E:30,---
2025-12-03 16:27:12,295.64,57.93,81552,24:D7:EB:59:2E:30,---
2025-12-03 16:27:12,295.64,57.93,81552,24:D7:EB:59:2E:30,---
2025-12-03 16:27:13,295.64,57.93,81549,24:D7:EB:59:2E:30,---
2025-12-03 16:27:16,295.63,57.94,81548,24:D7:EB:59:2E:30,---
2025-12-03 16:27:17,295.63,57.94,81549,24:D7:EB:59:2E:30,---
2025-12-03 16:27:17,295.63,57.95,81552,24:D7:EB:59:2E:30,---
2025-12-03 16:27:18,295.63,57.94,81550,24:D7:EB:59:2E:30,---
2025-12-03 16:27:18,295.64,57.94,81552,24:D7:EB:59:2E:30,---
2025-12-03 16:27:19,295.64,57.93,81555,24:D7:EB:59:2E:30,---
2025-12-03 16:27:19,295.63,57.94,81551,24:D7:EB:59:2E:30,---
2025-12-03 16:27:20,295.63,57.94,81553,24:D7:EB:59:2E:30,---
2025-12-03 16:27:20,295.63,57.94,81552,24:D7:EB:59:2E:30,---
2025-12-03 16:27:21,295.63,57.94,81552,24:D7:EB:59:2E:30,---
2025-12-03 16:27:22,295.63,57.94,81555,24:D7:EB:59:2E:30,---
2025-12-03 16:27:22,295.63,57.94,81551,24:D7:EB:59:2E:30,---
2025-12-03 16:27:23,295.63,57.94,81549,24:D7:EB:59:2E:30,---
2025-12-03 16:27:23,295.63,57.94,81550,24:D7:EB:59:2E:30,---
2025-12-03 16:27:24,295.63,57.94,81551,24:D7:EB:59:2E:30,---
2025-12-03 16:27:24,295.63,57.92,81552,24:D7:EB:59:2E:30,---
2025-12-03 16:27:25,295.63,57.94,81551,24:D7:EB:59:2E:30,---
2025-12-03 16:27:25,295.63,57.95,81554,24:D7:EB:59:2E:30,---
2025-12-03 16:27:26,295.63,57.93,81553,24:D7:EB:59:2E:30,---
2025-12-03 16:27:26,295.63,57.92,81551,24:D7:EB:59:2E:30,---
2025-12-03 16:27:27,295.63,57.92,81550,24:D7:EB:59:2E:30,---
2025-12-03 16:27:27,295.63,57.94,81553,24:D7:EB:59:2E:30,---
2025-12-03 16:27:28,295.63,57.92,81552,24:D7:EB:59:2E:30,---
2025-12-03 16:27:28,295.63,57.94,81550,24:D7:EB:59:2E:30,---
2025-12-03 16:27:29,295.63,57.92,81555,24:D7:EB:59:2E:30,---
2025-12-03 16:27:30,295.63,57.94,81553,24:D7:EB:59:2E:30,---
2025-12-03 16:27:30,295.63,57.94,81553,24:D7:EB:59:2E:30,---
2025-12-03 16:27:31,295.62,57.92,81551,24:D7:EB:59:2E:30,---
2025-12-03 16:27:31,295.62,57.93,81554,24:D7:EB:59:2E:30,---
2025-12-03 16:27:32,295.63,57.92,81555,24:D7:EB:59:2E:30,---
2025-12-03 16:27:32,295.62,57.91,81556,24:D7:EB:59:2E:30,---
2025-12-03 16:27:33,295.62,57.92,81553,24:D7:EB:59:2E:30,---
2025-12-03 16:27:33,295.62,57.91,81552,24:D7:EB:59:2E:30,---
2025-12-03 16:27:34,295.63,57.91,81556,24:D7:EB:59:2E:30,---
2025-12-03 16:27:34,295.63,57.91,81554,24:D7:EB:59:2E:30,---
2025-12-03 16:27:35,295.63,57.91,81558,24:D7:EB:59:2E:30,---
2025-12-03 16:27:35,295.62,57.9,81550,24:D7:EB:59:2E:30,---
2025-12-03 16:27:36,295.63,57.9,81552,24:D7:EB:59:2E:30,---
2025-12-03 16:27:36,295.62,57.92,81553,24:D7:EB:59:2E:30,---
2025-12-03 16:27:37,295.62,57.91,81553,24:D7:EB:59:2E:30,---
2025-12-03 16:27:37,295.62,57.91,81553,24:D7:EB:59:2E:30,---
2025-12-03 16:27:38,295.62,57.91,81553,24:D7:EB:59:2E:30,---
2025-12-03 16:27:39,295.62,57.91,81553,24:D7:EB:59:2E:30,---
2025-12-03 16:27:39,295.62,57.91,81553,24:D7:EB:59:2E:30,---
2025-12-03 16:27:40,295.62,57.91,81552,24:D7:EB:59:2E:30,---
2025-12-03 16:27:40,295.62,57.91,81550,24:D7:EB:59:2E:30,---
2025-12-03 16:27:41,295.62,57.91,81551,24:D7:EB:59:2E:30,---
2025-12-03 16:27:41,295.62,57.91,81554,24:D7:EB:59:2E:30,---
2025-12-03 16:27:42,295.61,57.91,81555,24:D7:EB:59:2E:30,---
2025-12-03 16:27:42,295.62,57.91,81554,24:D7:EB:59:2E:30,---
2025-12-03 16:27:43,295.62,57.91,81553,24:D7:EB:59:2E:30,---
2025-12-03 16:27:43,295.61,57.91,81551,24:D7:EB:59:2E:30,---
2025-12-03 16:27:44,295.62,57.91,81552,24:D7:EB:59:2E:30,---
2025-12-03 16:27:44,295.62,57.9,81553,24:D7:EB:59:2E:30,---
2025-12-03 16:27:45,295.62,57.91,81553,24:D7:EB:59:2E:30,---
2025-12-03 16:27:45,295.62,57.92,81553,24:D7:EB:59:2E:30,---
2025-12-03 16:27:46,295.61,57.91,81550,24:D7:EB:59:2E:30,---
2025-12-03 16:27:46,295.61,57.91,81552,24:D7:EB:59:2E:30,---
2025-12-03 16:27:47,295.62,57.92,81549,24:D7:EB:59:2E:30,---
2025-12-03 16:27:48,295.61,57.91,81555,24:D7:EB:59:2E:30,---
2025-12-03 16:27:48,295.62,57.91,81555,24:D7:EB:59:2E:30,---
2025-12-03 16:27:49,295.60,57.91,81553,24:D7:EB:59:2E:30,---
2025-12-03 16:27:49,295.61,57.91,81555,24:D7:EB:59:2E:30,---
2025-12-03 16:27:50,295.61,57.91,81550,24:D7:EB:59:2E:30,---
2025-12-03 16:27:50,295.61,57.92,81551,24:D7:EB:59:2E:30,---
2025-12-03 16:27:51,295.62,57.91,81551,24:D7:EB:59:2E:30,---
2025-12-03 16:27:51,295.61,57.92,81549,24:D7:EB:59:2E:30,---
2025-12-03 16:27:52,295.62,57.91,81552,24:D7:EB:59:2E:30,---
2025-12-03 16:27:52,295.61,57.91,81552,24:D7:EB:59:2E:30,---
2025-12-03 16:27:53,295.61,57.92,81551,24:D7:EB:59:2E:30,---
2025-12-03 16:27:53,295.60,57.93,81553,24:D7:EB:59:2E:30,---
2025-12-03 16:27:54,295.61,57.91,81552,24:D7:EB:59:2E:30,---
2025-12-03 16:27:54,295.61,57.92,81551,24:D7:EB:59:2E:30,---
2025-12-03 16:27:55,295.60,57.92,81552,24:D7:EB:59:2E:30,---
2025-12-03 16:27:56,295.61,57.92,81553,24:D7:EB:59:2E:30,---
2025-12-03 16:27:56,295.61,57.92,81552,24:D7:EB:59:2E:30,---
2025-12-03 16:27:57,295.60,57.93,81552,24:D7:EB:59:2E:30,---
2025-12-03 16:27:57,295.60,57.93,81552,24:D7:EB:59:2E:30,---
2025-12-03 16:27:58,295.60,57.92,81553,24:D7:EB:59:2E:30,---
2025-12-03 16:27:58,295.60,57.92,81552,24:D7:EB:59:2E:30,---
2025-12-03 16:27:59,295.60,57.92,81554,24:D7:EB:59:2E:30,---
2025-12-03 16:27:59,295.60,57.92,81553,24:D7:EB:59:2E:30,---
2025-12-03 16:28:00,295.60,57.92,81552,24:D7:EB:59:2E:30,---
2025-12-03 16:28:00,295.59,57.92,81552,24:D7:EB:59:2E:30,---
2025-12-03 16:28:01,295.60,57.91,81551,24:D7:EB:59:2E:30,---
2025-12-03 16:28:01,295.60,57.9,81553,24:D7:EB:59:2E:30,---
2025-12-03 16:28:02,295.61,57.9,81554,24:D7:EB:59:2E:30,---
2025-12-03 16:28:02,295.60,57.89,81551,24:D7:EB:59:2E:30,---
2025-12-03 16:28:03,295.60,57.89,81554,24:D7:EB:59:2E:30,---
2025-12-03 16:28:04,295.60,57.9,81551,24:D7:EB:59:2E:30,---
2025-12-03 16:28:04,295.60,57.9,81550,24:D7:EB:59:2E:30,---
2025-12-03 16:28:05,295.60,57.9,81550,24:D7:EB:59:2E:30,---
2025-12-03 16:28:05,295.60,57.91,81552,24:D7:EB:59:2E:30,---
2025-12-03 16:28:06,295.61,57.91,81552,24:D7:EB:59:2E:30,---
2025-12-03 16:28:06,295.59,57.91,81551,24:D7:EB:59:2E:30,---
2025-12-03 16:28:07,295.59,57.91,81547,24:D7:EB:59:2E:30,---
2025-12-03 16:28:10,295.59,57.93,81551,24:D7:EB:59:2E:30,---
2025-12-03 16:28:11,295.59,57.93,81550,24:D7:EB:59:2E:30,---
2025-12-03 16:28:11,295.60,57.93,81550,24:D7:EB:59:2E:30,---
2025-12-03 16:28:12,295.59,57.93,81550,24:D7:EB:59:2E:30,---
2025-12-03 16:28:12,295.59,57.93,81550,24:D7:EB:59:2E:30,---
2025-12-03 16:28:13,295.59,57.94,81552,24:D7:EB:59:2E:30,---
2025-12-03 16:28:13,295.59,57.94,81550,24:D7:EB:59:2E:30,---
2025-12-03 16:28:14,295.60,57.93,81550,24:D7:EB:59:2E:30,---
2025-12-03 16:28:15,295.59,57.94,81553,24:D7:EB:59:2E:30,---
2025-12-03 16:28:15,295.59,57.94,81554,24:D7:EB:59:2E:30,---
2025-12-03 16:28:16,295.59,57.94,81551,24:D7:EB:59:2E:30,---
2025-12-03 16:28:16,295.59,57.93,81551,24:D7:EB:59:2E:30,---
2025-12-03 16:28:17,295.59,57.94,81550,24:D7:EB:59:2E:30,---
2025-12-03 16:28:17,295.59,57.94,81554,24:D7:EB:59:2E:30,---
2025-12-03 16:28:18,295.59,57.94,81555,24:D7:EB:59:2E:30,---
2025-12-03 16:28:18,295.59,57.94,81551,24:D7:EB:59:2E:30,---
2025-12-03 16:28:19,295.59,57.94,81553,24:D7:EB:59:2E:30,---
2025-12-03 16:28:19,295.59,57.94,81551,24:D7:EB:59:2E:30,---
2025-12-03 16:28:20,295.59,57.94,81553,24:D7:EB:59:2E:30,---
2025-12-03 16:28:20,295.59,57.95,81551,24:D7:EB:59:2E:30,---
2025-12-03 16:28:21,295.59,57.95,81553,24:D7:EB:59:2E:30,---
2025-12-03 16:28:21,295.59,57.95,81554,24:D7:EB:59:2E:30,---
2025-12-03 16:28:22,295.59,57.96,81553,24:D7:EB:59:2E:30,---
2025-12-03 16:28:23,295.59,57.94,81555,24:D7:EB:59:2E:30,---
2025-12-03 16:28:23,295.59,57.95,81555,24:D7:EB:59:2E:30,---
2025-12-03 16:28:24,295.59,57.95,81553,24:D7:EB:59:2E:30,---
2025-12-03 16:28:24,295.59,57.96,81555,24:D7:EB:59:2E:30,---
2025-12-03 16:28:25,295.59,57.96,81552,24:D7:EB:59:2E:30,---
2025-12-03 16:28:25,295.60,57.97,81552,24:D7:EB:59:2E:30,---
2025-12-03 16:28:26,295.59,57.96,81555,24:D7:EB:59:2E:30,---
2025-12-03 16:28:26,295.59,57.96,81553,24:D7:EB:59:2E:30,---
2025-12-03 16:28:27,295.59,57.96,81556,24:D7:EB:59:2E:30,---
2025-12-03 16:28:27,295.59,57.96,81555,24:D7:EB:59:2E:30,---
2025-12-03 16:28:28,295.59,57.96,81556,24:D7:EB:59:2E:30,---
2025-12-03 16:28:28,295.58,57.98,81553,24:D7:EB:59:2E:30,---
2025-12-03 16:28:29,295.58,57.98,81552,24:D7:EB:59:2E:30,---
2025-12-03 16:28:29,295.58,57.98,81552,24:D7:EB:59:2E:30,---
2025-12-03 16:28:30,295.59,57.98,81557,24:D7:EB:59:2E:30,---
2025-12-03 16:28:30,295.58,57.98,81550,24:D7:EB:59:2E:30,---
2025-12-03 16:28:31,295.58,57.98,81555,24:D7:EB:59:2E:30,---
2025-12-03 16:28:32,295.58,57.98,81551,24:D7:EB:59:2E:30,---
2025-12-03 16:28:32,295.59,57.99,81553,24:D7:EB:59:2E:30,---
2025-12-03 16:28:33,295.58,57.99,81554,24:D7:EB:59:2E:30,---
2025-12-03 16:28:33,295.58,57.99,81553,24:D7:EB:59:2E:30,---
2025-12-03 16:28:34,295.58,57.99,81553,24:D7:EB:59:2E:30,---
2025-12-03 16:28:34,295.58,57.99,81551,24:D7:EB:59:2E:30,---
2025-12-03 16:28:35,295.58,58.0,81552,24:D7:EB:59:2E:30,---
2025-12-03 16:28:35,295.58,58.0,81551,24:D7:EB:59:2E:30,---
2025-12-03 16:28:36,295.58,58.0,81551,24:D7:EB:59:2E:30,---
2025-12-03 16:28:36,295.58,58.0,81555,24:D7:EB:59:2E:30,---
2025-12-03 16:28:37,295.58,58.0,81552,24:D7:EB:59:2E:30,---
2025-12-03 16:30:09,295.52,58.08,81556,24:D7:EB:59:2E:30,---
2025-12-03 16:30:09,295.52,58.07,81556,24:D7:EB:59:2E:30,---
2025-12-03 16:30:10,295.52,58.07,81556,24:D7:EB:59:2E:30,---
2025-12-03 16:30:10,295.52,58.06,81556,24:D7:EB:59:2E:30,---
2025-12-03 16:30:11,295.52,58.06,81553,24:D7:EB:59:2E:30,---
2025-12-03 16:30:11,295.52,58.06,81556,24:D7:EB:59:2E:30,---
2025-12-03 16:30:12,295.52,58.06,81557,24:D7:EB:59:2E:30,---
2025-12-03 16:30:13,295.52,58.05,81556,24:D7:EB:59:2E:30,---
2025-12-03 16:30:13,295.52,58.06,81553,24:D7:EB:59:2E:30,---
2025-12-03 16:30:14,295.52,58.03,81555,24:D7:EB:59:2E:30,---
2025-12-03 16:30:14,295.52,58.03,81554,24:D7:EB:59:2E:30,---
2025-12-03 16:30:15,295.53,58.04,81554,24:D7:EB:59:2E:30,---
2025-12-03 16:30:15,295.53,58.04,81557,24:D7:EB:59:2E:30,---
2025-12-03 16:30:16,295.52,58.03,81558,24:D7:EB:59:2E:30,---
2025-12-03 16:30:16,295.52,58.02,81558,24:D7:EB:59:2E:30,---
2025-12-03 16:30:17,295.52,58.03,81555,24:D7:EB:59:2E:30,---
2025-12-03 16:30:17,295.52,58.02,81554,24:D7:EB:59:2E:30,---
2025-12-03 16:30:18,295.52,58.02,81556,24:D7:EB:59:2E:30,---
2025-12-03 16:30:18,295.52,58.02,81556,24:D7:EB:59:2E:30,---
2025-12-03 16:30:19,295.52,58.02,81553,24:D7:EB:59:2E:30,---
2025-12-03 16:30:19,295.52,58.02,81556,24:D7:EB:59:2E:30,---
2025-12-03 16:30:20,295.52,58.01,81555,24:D7:EB:59:2E:30,---
2025-12-03 16:30:20,295.52,58.02,81556,24:D7:EB:59:2E:30,---
2025-12-03 16:30:21,295.52,58.02,81557,24:D7:EB:59:2E:30,---
2025-12-03 16:30:22,295.52,58.02,81556,24:D7:EB:59:2E:30,---
2025-12-03 16:30:22,295.53,58.03,81554,24:D7:EB:59:2E:30,---
2025-12-03 16:30:23,295.52,58.02,81554,24:D7:EB:59:2E:30,---
2025-12-03 16:30:23,295.52,58.03,81556,24:D7:EB:59:2E:30,---
2025-12-03 16:30:24,295.52,58.02,81556,24:D7:EB:59:2E:30,---
2025-12-03 16:30:24,295.52,58.02,81555,24:D7:EB:59:2E:30,---
2025-12-03 16:30:25,295.52,58.02,81556,24:D7:EB:59:2E:30,---
2025-12-03 16:30:25,295.52,58.02,81556,24:D7:EB:59:2E:30,---
2025-12-03 16:30:26,295.53,58.04,81556,24:D7:EB:59:2E:30,---
2025-12-03 16:30:26,295.52,58.02,81551,24:D7:EB:59:2E:30,---
2025-12-03 16:30:27,295.52,58.03,81553,24:D7:EB:59:2E:30,---
2025-12-03 16:30:27,295.52,58.02,81555,24:D7:EB:59:2E:30,---
2025-12-03 16:30:28,295.52,58.02,81552,24:D7:EB:59:2E:30,---
2025-12-03 16:30:28,295.52,58.02,81556,24:D7:EB:59:2E:30,---
2025-12-03 16:30:29,295.52,58.02,81554,24:D7:EB:59:2E:30,---
2025-12-03 16:30:30,295.52,58.02,81555,24:D7:EB:59:2E:30,---
2025-12-03 16:30:30,295.52,58.03,81556,24:D7:EB:59:2E:30,---
2025-12-03 16:30:31,295.51,58.02,81556,24:D7:EB:59:2E:30,---
2025-12-03 16:30:31,295.52,58.03,81550,24:D7:EB:59:2E:30,---
2025-12-03 16:30:32,295.52,58.03,81556,24:D7:EB:59:2E:30,---
2025-12-03 16:30:32,295.51,58.02,81552,24:D7:EB:59:2E:30,---
2025-12-03 16:30:33,295.52,58.02,81554,24:D7:EB:59:2E:30,---
2025-12-03 16:30:33,295.52,58.02,81556,24:D7:EB:59:2E:30,---
2025-12-03 16:30:34,295.52,58.03,81554,24:D7:EB:59:2E:30,---
2025-12-03 16:30:34,295.51,58.02,81555,24:D7:EB:59:2E:30,---
2025-12-03 16:30:35,295.51,58.03,81553,24:D7:EB:59:2E:30,---
2025-12-03 16:30:35,295.51,58.03,81554,24:D7:EB:59:2E:30,---
2025-12-03 16:30:36,295.51,58.03,81554,24:D7:EB:59:2E:30,---
2025-12-03 16:30:36,295.51,58.04,81555,24:D7:EB:59:2E:30,---
2025-12-03 16:30:37,295.51,58.02,81557,24:D7:EB:59:2E:30,---
2025-12-03 16:30:37,295.51,58.03,81555,24:D7:EB:59:2E:30,---
2025-12-03 16:30:38,295.50,58.04,81549,24:D7:EB:59:2E:30,---
2025-12-03 16:30:39,295.52,58.03,81556,24:D7:EB:59:2E:30,---
2025-12-03 16:30:39,295.51,58.05,81554,24:D7:EB:59:2E:30,---
2025-12-03 16:30:40,295.52,58.05,81555,24:D7:EB:59:2E:30,---
2025-12-03 16:30:40,295.51,58.04,81552,24:D7:EB:59:2E:30,---
2025-12-03 16:30:41,295.52,58.05,81552,24:D7:EB:59:2E:30,---
2025-12-03 16:30:41,295.52,58.03,81554,24:D7:EB:59:2E:30,---
2025-12-03 16:30:42,295.51,58.04,81550,24:D7:EB:59:2E:30,---
2025-12-03 16:30:42,295.51,58.03,81553,24:D7:EB:59:2E:30,---
2025-12-03 16:30:43,295.51,58.03,81551,24:D7:EB:59:2E:30,---
2025-12-03 16:30:43,295.52,58.03,81554,24:D7:EB:59:2E:30,---
2025-12-03 16:30:44,295.51,58.03,81553,24:D7:EB:59:2E:30,---
2025-12-03 16:30:44,295.51,58.03,81554,24:D7:EB:59:2E:30,---
2025-12-03 16:30:45,295.51,58.03,81554,24:D7:EB:59:2E:30,---
2025-12-03 16:30:45,295.51,58.02,81552,24:D7:EB:59:2E:30,---
2025-12-03 16:30:46,295.51,58.02,81552,24:D7:EB:59:2E:30,---
2025-12-03 16:30:47,295.52,58.03,81555,24:D7:EB:59:2E:30,---
2025-12-03 16:30:47,295.52,58.02,81550,24:D7:EB:59:2E:30,---
2025-12-03 16:30:48,295.51,58.03,81555,24:D7:EB:59:2E:30,---
2025-12-03 16:30:48,295.51,58.03,81554,24:D7:EB:59:2E:30,---
2025-12-03 16:30:49,295.51,58.03,81552,24:D7:EB:59:2E:30,---
2025-12-03 16:30:49,295.52,58.03,81550,24:D7:EB:59:2E:30,---
2025-12-03 16:30:50,295.52,58.03,81555,24:D7:EB:59:2E:30,---
2025-12-03 16:30:50,295.52,58.03,81556,24:D7:EB:59:2E:30,---
2025-12-03 16:30:51,295.51,58.03,81550,24:D7:EB:59:2E:30,---
2025-12-03 16:30:51,295.51,58.03,81553,24:D7:EB:59:2E:30,---
2025-12-03 16:30:52,295.52,58.03,81553,24:D7:EB:59:2E:30,---
2025-12-03 16:30:52,295.51,58.03,81552,24:D7:EB:59:2E:30,---
2025-12-03 16:30:53,295.51,58.03,81551,24:D7:EB:59:2E:30,---
2025-12-03 16:30:53,295.52,58.03,81554,24:D7:EB:59:2E:30,---
2025-12-03 16:30:54,295.51,58.03,81552,24:D7:EB:59:2E:30,---
2025-12-03 16:30:54,295.52,58.03,81550,24:D7:EB:59:2E:30,---
2025-12-03 16:30:55,295.51,58.03,81553,24:D7:EB:59:2E:30,---
2025-12-03 16:30:56,295.51,58.03,81551,24:D7:EB:59:2E:30,---
2025-12-03 16:30:56,295.52,58.02,81555,24:D7:EB:59:2E:30,---
2025-12-03 16:30:57,295.51,58.03,81553,24:D7:EB:59:2E:30,---
2025-12-03 16:30:57,295.51,58.03,81554,24:D7:EB:59:2E:30,---
2025-12-03 16:30:58,295.52,58.03,81555,24:D7:EB:59:2E:30,---
2025-12-03 16:30:58,295.51,58.03,81552,24:D7:EB:59:2E:30,---
2025-12-03 16:30:59,295.52,58.02,81551,24:D7:EB:59:2E:30,---
2025-12-03 16:30:59,295.51,58.03,81550,24:D7:EB:59:2E:30,---
2025-12-03 16:31:00,295.51,58.03,81549,24:D7:EB:59:2E:30,---
2025-12-03 16:31:00,295.51,58.02,81554,24:D7:EB:59:2E:30,---
2025-12-03 16:31:01,295.52,58.02,81549,24:D7:EB:59:2E:30,---
2025-12-03 16:31:01,295.51,58.02,81551,24:D7:EB:59:2E:30,---
2025-12-03 16:31:02,295.51,58.03,81551,24:D7:EB:59:2E:30,---
2025-12-03 16:31:02,295.51,58.02,81556,24:D7:EB:59:2E:30,---
2025-12-03 16:31:03,295.51,58.01,81554,24:D7:EB:59:2E:30,---
2025-12-03 16:31:03,295.50,58.03,81552,24:D7:EB:59:2E:30,---
2025-12-03 16:31:04,295.52,58.02,81555,24:D7:EB:59:2E:30,---
2025-12-03 16:31:05,295.51,58.02,81552,24:D7:EB:59:2E:30,---
2025-12-03 16:31:05,295.51,58.02,81554,24:D7:EB:59:2E:30,---
2025-12-03 16:31:06,295.51,58.02,81554,24:D7:EB:59:2E:30,---
2025-12-03 16:31:06,295.51,58.02,81552,24:D7:EB:59:2E:30,---
2025-12-03 16:31:07,295.51,58.02,81554,24:D7:EB:59:2E:30,---
2025-12-03 16:31:07,295.51,58.02,81554,24:D7:EB:59:2E:30,---
2025-12-03 16:31:08,295.51,58.02,81553,24:D7:EB:59:2E:30,---
2025-12-03 16:31:08,295.51,58.02,81551,24:D7:EB:59:2E:30,---
2025-12-03 16:31:09,295.51,58.02,81549,24:D7:EB:59:2E:30,---
2025-12-03 16:31:09,295.51,58.01,81552,24:D7:EB:59:2E:30,---
2025-12-03 16:31:10,295.51,58.02,81553,24:D7:EB:59:2E:30,---
2025-12-03 16:31:10,295.51,58.01,81550,24:D7:EB:59:2E:30,---
2025-12-03 16:31:11,295.51,58.01,81551,24:D7:EB:59:2E:30,---
2025-12-03 16:31:11,295.51,58.0,81551,24:D7:EB:59:2E:30,---
2025-12-03 16:31:12,295.51,58.01,81552,24:D7:EB:59:2E:30,---
2025-12-03 16:31:13,295.51,58.01,81549,24:D7:EB:59:2E:30,---
2025-12-03 16:31:13,295.51,58.0,81553,24:D7:EB:59:2E:30,---
2025-12-03 16:31:14,295.51,58.0,81551,24:D7:EB:59:2E:30,---
2025-12-03 16:31:14,295.51,58.01,81554,24:D7:EB:59:2E:30,---
2025-12-03 16:31:15,295.50,58.01,81551,24:D7:EB:59:2E:30,---
2025-12-03 16:31:15,295.50,58.01,81549,24:D7:EB:59:2E:30,---
2025-12-03 16:31:16,295.51,58.01,81551,24:D7:EB:59:2E:30,---
2025-12-03 16:31:16,295.51,58.01,81552,24:D7:EB:59:2E:30,---
2025-12-03 16:31:17,295.50,58.01,81551,24:D7:EB:59:2E:30,---
2025-12-03 16:31:17,295.51,58.01,81553,24:D7:EB:59:2E:30,---
2025-12-03 16:31:18,295.50,58.01,81554,24:D7:EB:59:2E:30,---
2025-12-03 16:31:18,295.50,58.01,81550,24:D7:EB:59:2E:30,---
2025-12-03 16:31:19,295.50,58.02,81553,24:D7:EB:59:2E:30,---
2025-12-03 16:31:19,295.51,58.01,81552,24:D7:EB:59:2E:30,---
2025-12-03 16:31:20,295.51,58.01,81553,24:D7:EB:59:2E:30,---
2025-12-03 16:31:20,295.50,58.02,81553,24:D7:EB:59:2E:30,---
2025-12-03 16:31:21,295.50,58.02,81552,24:D7:EB:59:2E:30,---
2025-12-03 16:31:22,295.50,58.02,81556,24:D7:EB:59:2E:30,---
2025-12-03 16:31:22,295.51,58.02,81557,24:D7:EB:59:2E:30,---
2025-12-03 16:31:23,295.51,58.02,81555,24:D7:EB:59:2E:30,---
2025-12-03 16:31:23,295.52,58.02,81555,24:D7:EB:59:2E:30,---
2025-12-03 16:35:18,295.48,58.25,81555,24:D7:EB:59:2E:30,BuenosDias
2025-12-03 16:35:18,295.49,58.26,81553,24:D7:EB:59:2E:30,BuenosDias
2025-12-03 16:35:19,295.48,58.24,81552,24:D7:EB:59:2E:30,BuenosDias
2025-12-03 16:35:19,295.48,58.23,81554,24:D7:EB:59:2E:30,BuenosDias
2025-12-03 16:35:20,295.48,58.22,81553,24:D7:EB:59:2E:30,BuenosDias
2025-12-03 16:35:20,295.50,58.21,81554,24:D7:EB:59:2E:30,BuenosDias
2025-12-03 16:35:21,295.49,58.2,81553,24:D7:EB:59:2E:30,BuenosDias
2025-12-03 16:35:21,295.49,58.19,81554,24:D7:EB:59:2E:30,BuenosDias
2025-12-03 16:35:22,295.50,58.2,81556,24:D7:EB:59:2E:30,BuenosDias
2025-12-03 16:35:23,295.50,58.18,81553,24:D7:EB:59:2E:30,BuenosDias
2025-12-03 16:35:23,295.49,58.18,81554,24:D7:EB:59:2E:30,BuenosDias
2025-12-03 16:35:24,295.50,58.18,81550,24:D7:EB:59:2E:30,BuenosDias
2025-12-03 16:35:24,295.50,58.17,81553,24:D7:EB:59:2E:30,BuenosDias
2025-12-03 16:35:25,295.49,58.15,81555,24:D7:EB:59:2E:30,BuenosDias
2025-12-03 16:35:25,295.51,58.16,81553,24:D7:EB:59:2E:30,BuenosDias
2025-12-03 16:35:26,295.50,58.14,81551,24:D7:EB:59:2E:30,BuenosDias
2025-12-03 16:35:26,295.49,58.14,81553,24:D7:EB:59:2E:30,BuenosDias
2025-12-03 16:35:27,295.51,58.13,81556,24:D7:EB:59:2E:30,BuenosDias
2025-12-03 16:35:27,295.50,58.12,81553,24:D7:EB:59:2E:30,BuenosDias
2025-12-03 16:35:28,295.51,58.12,81554,24:D7:EB:59:2E:30,BuenosDias
2025-12-03 16:35:28,295.50,58.12,81556,24:D7:EB:59:2E:30,BuenosDias
2025-12-03 16:35:29,295.50,58.12,81551,24:D7:EB:59:2E:30,BuenosDias
2025-12-03 16:35:29,295.50,58.11,81553,24:D7:EB:59:2E:30,BuenosDias
2025-12-03 16:35:30,295.50,58.11,81557,24:D7:EB:59:2E:30,BuenosDias
2025-12-03 16:35:30,295.51,58.1,81555,24:D7:EB:59:2E:30,BuenosDias
2025-12-03 16:35:31,295.50,58.11,81554,24:D7:EB:59:2E:30,BuenosDias
2025-12-03 16:35:32,295.50,58.1,81553,24:D7:EB:59:2E:30,BuenosDias
2025-12-03 16:35:32,295.50,58.1,81556,24:D7:EB:59:2E:30,BuenosDias
2025-12-03 16:35:33,295.50,58.1,81552,24:D7:EB:59:2E:30,BuenosDias
2025-12-03 16:35:33,295.51,58.09,81558,24:D7:EB:59:2E:30,BuenosDias
2025-12-03 16:35:34,295.50,58.1,81552,24:D7:EB:59:2E:30,BuenosDias
2025-12-03 16:35:34,295.50,58.09,81555,24:D7:EB:59:2E:30,BuenosDias
2025-12-03 16:35:35,295.51,58.09,81552,24:D7:EB:59:2E:30,BuenosDias
2025-12-03 16:35:35,295.50,58.09,81549,24:D7:EB:59:2E:30,BuenosDias
2025-12-03 16:35:36,295.50,58.09,81555,24:D7:EB:59:2E:30,BuenosDias
2025-12-03 16:35:36,295.51,58.09,81553,24:D7:EB:59:2E:30,BuenosDias
2025-12-03 16:35:37,295.50,58.09,81555,24:D7:EB:59:2E:30,BuenosDias
2025-12-03 16:35:37,295.50,58.09,81551,24:D7:EB:59:2E:30,BuenosDias
2025-12-03 16:35:38,295.51,58.08,81553,24:D7:EB:59:2E:30,BuenosDias
2025-12-03 16:35:38,295.51,58.08,81551,24:D7:EB:59:2E:30,BuenosDias
2025-12-03 16:35:42,295.50,58.07,81554,24:D7:EB:59:2E:30,NuevoAlias
2025-12-03 16:35:43,295.51,58.07,81554,24:D7:EB:59:2E:30,NuevoAlias
2025-12-03 16:35:43,295.51,58.08,81555,24:D7:EB:59:2E:30,NuevoAlias
2025-12-03 16:35:44,295.50,58.07,81556,24:D7:EB:59:2E:30,NuevoAlias
2025-12-03 16:35:44,295.51,58.07,81556,24:D7:EB:59:2E:30,NuevoAlias
2025-12-03 16:35:45,295.51,58.06,81556,24:D7:EB:59:2E:30,NuevoAlias
2025-12-03 16:35:45,295.51,58.06,81554,24:D7:EB:59:2E:30,NuevoAlias
2025-12-03 16:35:46,295.52,58.06,81556,24:D7:EB:59:2E:30,NuevoAlias
2025-12-03 16:35:46,295.51,58.06,81553,24:D7:EB:59:2E:30,NuevoAlias
2025-12-03 16:35:47,295.51,58.05,81552,24:D7:EB:59:2E:30,NuevoAlias
2025-12-03 16:35:47,295.52,58.05,81554,24:D7:EB:59:2E:30,NuevoAlias
2025-12-03 16:35:48,295.51,58.05,81555,24:D7:EB:59:2E:30,NuevoAlias
2025-12-03 16:35:48,295.51,58.05,81555,24:D7:EB:59:2E:30,NuevoAlias
2025-12-03 16:35:49,295.52,58.03,81556,24:D7:EB:59:2E:30,NuevoAlias
2025-12-03 16:35:50,295.52,58.06,81555,24:D7:EB:59:2E:30,NuevoAlias
2025-12-03 16:35:50,295.53,58.05,81556,24:D7:EB:59:2E:30,NuevoAlias
2025-12-03 16:35:51,295.52,58.05,81555,24:D7:EB:59:2E:30,NuevoAlias
2025-12-03 16:35:51,295.52,58.05,81557,24:D7:EB:59:2E:30,NuevoAlias
2025-12-03 16:35:52,295.52,58.03,81556,24:D7:EB:59:2E:30,NuevoAlias
2025-12-03 16:35:52,295.52,58.05,81557,24:D7:EB:59:2E:30,NuevoAlias
2025-12-03 16:35:53,295.52,58.03,81557,24:D7:EB:59:2E:30,NuevoAlias
2025-12-03 16:35:53,295.52,58.03,81555,24:D7:EB:59:2E:30,NuevoAlias
2025-12-03 16:35:54,295.52,58.03,81554,24:D7:EB:59:2E:30,NuevoAlias
2025-12-03 16:35:54,295.51,58.02,81555,24:D7:EB:59:2E:30,NuevoAlias
2025-12-03 16:35:55,295.52,58.01,81557,24:D7:EB:59:2E:30,NuevoAlias
2025-12-03 16:35:55,295.52,58.02,81553,24:D7:EB:59:2E:30,NuevoAlias
2025-12-03 16:35:56,295.52,58.01,81555,24:D7:EB:59:2E:30,NuevoAlias
2025-12-03 16:35:56,295.52,58.01,81557,24:D7:EB:59:2E:30,NuevoAlias
2025-12-03 16:35:57,295.53,58.01,81556,24:D7:EB:59:2E:30,NuevoAlias
2025-12-03 16:35:57,295.52,58.01,81560,24:D7:EB:59:2E:30,NuevoAlias
2025-12-03 16:35:58,295.52,58.01,81555,24:D7:EB:59:2E:30,NuevoAlias
2025-12-03 16:35:59,295.52,58.01,81559,24:D7:EB:59:2E:30,NuevoAlias
2025-12-03 16:35:59,295.52,58.01,81553,24:D7:EB:59:2E:30,NuevoAlias
2025-12-03 16:36:00,295.53,58.01,81559,24:D7:EB:59:2E:30,NuevoAlias
2025-12-03 16:36:00,295.52,58.01,81556,24:D7:EB:59:2E:30,NuevoAlias
2025-12-03 16:36:01,295.52,58.01,81557,24:D7:EB:59:2E:30,NuevoAlias
2025-12-03 16:36:01,295.52,58.0,81555,24:D7:EB:59:2E:30,NuevoAlias
2025-12-03 16:36:02,295.52,58.01,81555,24:D7:EB:59:2E:30,NuevoAlias
2025-12-03 16:36:02,295.52,58.0,81555,24:D7:EB:59:2E:30,NuevoAlias
2025-12-03 16:36:03,295.53,58.01,81557,24:D7:EB:59:2E:30,NuevoAlias
2025-12-03 16:36:03,295.52,58.0,81552,24:D7:EB:59:2E:30,NuevoAlias
2025-12-03 16:36:04,295.52,58.0,81551,24:D7:EB:59:2E:30,NuevoAlias
2025-12-03 16:36:04,295.52,58.0,81557,24:D7:EB:59:2E:30,NuevoAlias
2025-12-03 16:36:05,295.52,58.0,81554,24:D7:EB:59:2E:30,NuevoAlias
2025-12-03 16:36:05,295.53,58.0,81556,24:D7:EB:59:2E:30,NuevoAlias
2025-12-03 16:36:06,295.53,58.0,81556,24:D7:EB:59:2E:30,NuevoAlias
2025-12-03 16:36:07,295.52,58.0,81552,24:D7:EB:59:2E:30,NuevoAlias
2025-12-03 16:36:07,295.52,57.99,81556,24:D7:EB:59:2E:30,NuevoAlias
2025-12-03 16:36:08,295.52,57.99,81553,24:D7:EB:59:2E:30,NuevoAlias
2025-12-03 16:36:08,295.52,57.99,81554,24:D7:EB:59:2E:30,NuevoAlias
2025-12-03 16:36:09,295.52,57.98,81553,24:D7:EB:59:2E:30,NuevoAlias
2025-12-03 16:36:09,295.52,57.99,81550,24:D7:EB:59:2E:30,NuevoAlias
2025-12-03 16:36:10,295.52,57.99,81555,24:D7:EB:59:2E:30,NuevoAlias
2025-12-03 16:36:10,295.52,58.0,81554,24:D7:EB:59:2E:30,NuevoAlias
2025-12-03 16:36:11,295.52,57.99,81553,24:D7:EB:59:2E:30,NuevoAlias
2025-12-03 16:36:11,295.52,57.99,81552,24:D7:EB:59:2E:30,NuevoAlias
2025-12-03 16:36:12,295.52,57.99,81551,24:D7:EB:59:2E:30,NuevoAlias
2025-12-03 16:36:12,295.52,57.99,81554,24:D7:EB:59:2E:30,NuevoAlias
2025-12-03 16:36:13,295.52,58.0,81552,24:D7:EB:59:2E:30,NuevoAlias
2025-12-03 16:36:13,295.52,58.0,81555,24:D7:EB:59:2E:30,NuevoAlias
2025-12-03 16:36:14,295.52,57.99,81553,24:D7:EB:59:2E:30,NuevoAlias
2025-12-03 16:36:14,295.52,57.99,81552,24:D7:EB:59:2E:30,NuevoAlias
2025-12-03 16:36:15,295.52,58.0,81555,24:D7:EB:59:2E:30,NuevoAlias
2025-12-03 16:36:16,295.52,58.0,81553,24:D7:EB:59:2E:30,NuevoAlias
2025-12-03 16:36:16,295.52,58.0,81553,24:D7:EB:59:2E:30,NuevoAlias
2025-12-03 16:36:17,295.52,57.99,81556,24:D7:EB:59:2E:30,NuevoAlias
2025-12-03 16:36:17,295.52,57.99,81552,24:D7:EB:59:2E:30,NuevoAlias
2025-12-03 16:36:18,295.52,57.98,81553,24:D7:EB:59:2E:30,NuevoAlias
2025-12-03 16:36:18,295.53,57.99,81555,24:D7:EB:59:2E:30,NuevoAlias
2025-12-03 16:36:19,295.52,57.98,81554,24:D7:EB:59:2E:30,NuevoAlias
2025-12-03 16:36:19,295.52,57.98,81555,24:D7:EB:59:2E:30,NuevoAlias
2025-12-03 16:36:20,295.52,57.98,81553,24:D7:EB:59:2E:30,NuevoAlias
2025-12-03 16:36:20,295.53,57.99,81554,24:D7:EB:59:2E:30,NuevoAlias
2025-12-03 16:36:21,295.52,57.98,81552,24:D7:EB:59:2E:30,NuevoAlias
2025-12-03 16:36:21,295.53,57.98,81555,24:D7:EB:59:2E:30,NuevoAlias
2025-12-03 16:36:22,295.52,57.97,81550,24:D7:EB:59:2E:30,NuevoAlias
2025-12-03 16:36:22,295.52,57.98,81552,24:D7:EB:59:2E:30,NuevoAlias
2025-12-03 16:36:23,295.53,57.98,81550,24:D7:EB:59:2E:30,NuevoAlias
2025-12-03 16:36:23,295.52,57.97,81554,24:D7:EB:59:2E:30,NuevoAlias
2025-12-03 16:36:24,295.52,57.98,81553,24:D7:EB:59:2E:30,NuevoAlias
2025-12-03 16:36:25,295.52,57.97,81551,24:D7:EB:59:2E:30,NuevoAlias
2025-12-03 16:36:25,295.52,57.97,81555,24:D7:EB:59:2E:30,NuevoAlias
2025-12-03 16:36:26,295.52,57.97,81555,24:D7:EB:59:2E:30,NuevoAlias
2025-12-03 16:36:26,295.52,57.97,81553,24:D7:EB:59:2E:30,NuevoAlias
2025-12-03 16:36:27,295.53,57.97,81554,24:D7:EB:59:2E:30,NuevoAlias
2025-12-03 16:36:27,295.53,57.97,81554,24:D7:EB:59:2E:30,NuevoAlias
2025-12-03 16:36:28,295.54,57.97,81554,24:D7:EB:59:2E:30,NuevoAlias
2025-12-03 16:36:28,295.52,57.97,81550,24:D7:EB:59:2E:30,NuevoAlias
2025-12-03 16:36:29,295.54,57.97,81553,24:D7:EB:59:2E:30,NuevoAlias
2025-12-03 16:36:29,295.52,57.97,81557,24:D7:EB:59:2E:30,NuevoAlias
2025-12-03 16:36:30,295.53,57.97,81551,24:D7:EB:59:2E:30,NuevoAlias
2025-12-03 16:36:30,295.53,57.97,81553,24:D7:EB:59:2E:30,NuevoAlias
2025-12-03 16:36:31,295.53,57.96,81552,24:D7:EB:59:2E:30,NuevoAlias
2025-12-03 16:36:31,295.52,57.96,81550,24:D7:EB:59:2E:30,NuevoAlias
2025-12-03 16:36:32,295.52,57.96,81546,24:D7:EB:59:2E:30,NuevoAlias
2025-12-03 16:36:33,295.53,57.96,81551,24:D7:EB:59:2E:30,NuevoAlias
2025-12-03 16:36:33,295.54,57.96,81553,24:D7:EB:59:2E:30,NuevoAlias
2025-12-03 16:36:34,295.53,57.96,81550,24:D7:EB:59:2E:30,NuevoAlias
2025-12-03 16:36:34,295.53,57.97,81553,24:D7:EB:59:2E:30,NuevoAlias
2025-12-03 16:36:35,295.54,57.97,81553,24:D7:EB:59:2E:30,NuevoAlias
2025-12-03 16:36:35,295.53,57.97,81552,24:D7:EB:59:2E:30,NuevoAlias
2025-12-03 16:36:36,295.53,57.97,81555,24:D7:EB:59:2E:30,NuevoAlias
2025-12-03 16:36:36,295.53,57.97,81553,24:D7:EB:59:2E:30,NuevoAlias
2025-12-03 16:36:37,295.53,57.96,81550,24:D7:EB:59:2E:30,NuevoAlias
2025-12-03 16:36:37,295.53,57.96,81553,24:D7:EB:59:2E:30,NuevoAlias
2025-12-03 16:36:38,295.53,57.96,81552,24:D7:EB:59:2E:30,NuevoAlias
2025-12-03 16:36:38,295.53,57.96,81550,24:D7:EB:59:2E:30,NuevoAlias
2025-12-03 16:36:39,295.52,57.97,81555,24:D7:EB:59:2E:30,NuevoAlias
2025-12-03 16:36:39,295.53,57.98,81552,24:D7:EB:59:2E:30,NuevoAlias
2025-12-03 16:36:40,295.53,57.97,81552,24:D7:EB:59:2E:30,NuevoAlias
2025-12-03 16:36:40,295.52,57.97,81550,24:D7:EB:59:2E:30,NuevoAlias
2025-12-03 16:36:41,295.52,57.97,81553,24:D7:EB:59:2E:30,NuevoAlias
2025-12-03 16:36:42,295.53,57.97,81551,24:D7:EB:59:2E:30,NuevoAlias
2025-12-03 16:36:42,295.52,57.97,81551,24:D7:EB:59:2E:30,NuevoAlias
2025-12-03 16:36:43,295.53,57.97,81553,24:D7:EB:59:2E:30,NuevoAlias
2025-12-03 16:36:43,295.53,57.97,81552,24:D7:EB:59:2E:30,NuevoAlias
2025-12-03 16:36:44,295.52,57.97,81550,24:D7:EB:59:2E:30,NuevoAlias
2025-12-03 16:36:44,295.53,57.97,81553,24:D7:EB:59:2E:30,NuevoAlias
2025-12-03 16:36:45,295.53,57.98,81553,24:D7:EB:59:2E:30,NuevoAlias
2025-12-03 16:36:45,295.52,57.97,81556,24:D7:EB:59:2E:30,NuevoAlias
2025-12-03 16:36:46,295.53,57.97,81554,24:D7:EB:59:2E:30,NuevoAlias
2025-12-03 16:36:46,295.52,57.97,81550,24:D7:EB:59:2E:30,NuevoAlias
2025-12-03 16:36:47,295.53,57.97,81552,24:D7:EB:59:2E:30,NuevoAlias
2025-12-03 16:36:47,295.53,57.98,81554,24:D7:EB:59:2E:30,NuevoAlias
2025-12-03 16:36:48,295.53,57.97,81554,24:D7:EB:59:2E:30,NuevoAlias
2025-12-03 16:36:48,295.53,57.97,81553,24:D7:EB:59:2E:30,NuevoAlias
2025-12-03 16:36:49,295.53,57.97,81551,24:D7:EB:59:2E:30,NuevoAlias
2025-12-03 16:36:50,295.53,57.97,81549,24:D7:EB:59:2E:30,NuevoAlias
2025-12-03 16:36:50,295.53,57.97,81552,24:D7:EB:59:2E:30,NuevoAlias
2025-12-03 16:36:51,295.53,57.97,81548,24:D7:EB:59:2E:30,NuevoAlias
2025-12-03 16:36:51,295.53,57.97,81550,24:D7:EB:59:2E:30,NuevoAlias
2025-12-03 16:36:52,295.53,57.97,81551,24:D7:EB:59:2E:30,NuevoAlias
2025-12-03 16:36:52,295.53,57.97,81550,24:D7:EB:59:2E:30,NuevoAlias
2025-12-03 16:36:53,295.53,57.97,81554,24:D7:EB:59:2E:30,NuevoAlias
2025-12-03 16:36:53,295.53,57.97,81549,24:D7:EB:59:2E:30,NuevoAlias
2025-12-03 16:36:54,295.54,57.97,81553,24:D7:EB:59:2E:30,NuevoAlias
2025-12-03 16:36:54,295.53,57.97,81552,24:D7:EB:59:2E:30,NuevoAlias
2025-12-03 16:36:55,295.53,57.97,81550,24:D7:EB:59:2E:30,NuevoAlias
2025-12-03 16:36:55,295.53,57.97,81553,24:D7:EB:59:2E:30,NuevoAlias
2025-12-03 16:36:56,295.53,57.97,81550,24:D7:EB:59:2E:30,NuevoAlias
2025-12-03 16:36:56,295.53,57.98,81553,24:D7:EB:59:2E:30,NuevoAlias
2025-12-03 16:36:57,295.54,57.98,81552,24:D7:EB:59:2E:30,NuevoAlias
2025-12-03 16:36:57,295.53,57.98,81550,24:D7:EB:59:2E:30,NuevoAlias
2025-12-03 16:36:58,295.53,57.98,81551,24:D7:EB:59:2E:30,NuevoAlias
2025-12-03 16:36:59,295.53,57.98,81549,24:D7:EB:59:2E:30,NuevoAlias
2025-12-03 16:36:59,295.53,57.98,81548,24:D7:EB:59:2E:30,NuevoAlias
2025-12-03 16:37:00,295.54,57.98,81552,24:D7:EB:59:2E:30,NuevoAlias
2025-12-03 16:37:00,295.53,57.98,81550,24:D7:EB:59:2E:30,NuevoAlias
2025-12-03 16:37:01,295.53,57.98,81546,24:D7:EB:59:2E:30,NuevoAlias
2025-12-03 16:37:01,295.53,57.99,81548,24:D7:EB:59:2E:30,NuevoAlias
2025-12-03 16:37:02,295.53,57.99,81551,24:D7:EB:59:2E:30,NuevoAlias
2025-12-03 16:37:02,295.53,57.99,81553,24:D7:EB:59:2E:30,NuevoAlias
2025-12-03 16:37:03,295.53,57.99,81550,24:D7:EB:59:2E:30,NuevoAlias
2025-12-03 16:37:03,295.53,57.99,81550,24:D7:EB:59:2E:30,NuevoAlias
2025-12-03 16:37:04,295.53,57.98,81550,24:D7:EB:59:2E:30,NuevoAlias
2025-12-03 16:37:04,295.54,57.99,81553,24:D7:EB:59:2E:30,NuevoAlias
2025-12-03 16:37:05,295.53,57.99,81554,24:D7:EB:59:2E:30,NuevoAlias
2025-12-03 16:37:05,295.53,57.99,81553,24:D7:EB:59:2E:30,NuevoAlias
2025-12-03 16:37:06,295.54,57.99,81554,24:D7:EB:59:2E:30,NuevoAlias
2025-12-03 16:37:06,295.54,57.99,81553,24:D7:EB:59:2E:30,NuevoAlias
2025-12-03 16:37:07,295.53,57.99,81556,24:D7:EB:59:2E:30,NuevoAlias
2025-12-03 16:37:08,295.53,57.99,81551,24:D7:EB:59:2E:30,NuevoAlias
2025-12-03 16:37:08,295.53,57.99,81550,24:D7:EB:59:2E:30,NuevoAlias
2025-12-03 16:37:09,295.54,57.98,81553,24:D7:EB:59:2E:30,NuevoAlias
2025-12-03 16:37:09,295.53,57.98,81551,24:D7:EB:59:2E:30,NuevoAlias
2025-12-03 16:37:10,295.53,57.99,81549,24:D7:EB:59:2E:30,NuevoAlias
2025-12-03 16:37:10,295.53,57.99,81551,24:D7:EB:59:2E:30,NuevoAlias
2025-12-03 16:37:11,295.53,57.99,81549,24:D7:EB:59:2E:30,NuevoAlias
2025-12-03 16:37:11,295.53,58.0,81552,24:D7:EB:59:2E:30,NuevoAlias
2025-12-03 16:37:12,295.53,57.99,81549,24:D7:EB:59:2E:30,NuevoAlias
2025-12-03 16:37:12,295.54,57.99,81549,24:D7:EB:59:2E:30,NuevoAlias
2025-12-03 16:37:13,295.53,57.99,81552,24:D7:EB:59:2E:30,NuevoAlias
2025-12-03 16:37:13,295.54,57.99,81548,24:D7:EB:59:2E:30,NuevoAlias
2025-12-03 16:37:14,295.53,57.98,81551,24:D7:EB:59:2E:30,NuevoAlias
2025-12-03 16:37:14,295.53,57.99,81552,24:D7:EB:59:2E:30,NuevoAlias
2025-12-03 16:37:15,295.53,57.99,81551,24:D7:EB:59:2E:30,NuevoAlias
2025-12-03 16:37:16,295.53,57.99,81552,24:D7:EB:59:2E:30,NuevoAlias
2025-12-03 16:37:16,295.53,57.99,81552,24:D7:EB:59:2E:30,NuevoAlias
2025-12-03 16:37:17,295.53,57.99,81553,24:D7:EB:59:2E:30,NuevoAlias
2025-12-03 16:37:17,295.53,57.99,81548,24:D7:EB:59:2E:30,NuevoAlias
2025-12-03 16:37:18,295.54,57.99,81556,24:D7:EB:59:2E:30,NuevoAlias
2025-12-03 16:37:18,295.54,57.99,81550,24:D7:EB:59:2E:30,NuevoAlias
2025-12-03 16:37:19,295.53,57.99,81551,24:D7:EB:59:2E:30,NuevoAlias
2025-12-03 16:37:19,295.55,57.99,81552,24:D7:EB:59:2E:30,NuevoAlias
2025-12-03 16:37:20,295.53,57.99,81549,24:D7:EB:59:2E:30,NuevoAlias
2025-12-03 16:37:20,295.53,57.99,81551,24:D7:EB:59:2E:30,NuevoAlias
2025-12-03 16:37:21,295.54,57.99,81554,24:D7:EB:59:2E:30,NuevoAlias
2025-12-03 16:37:21,295.53,57.99,81553,24:D7:EB:59:2E:30,NuevoAlias
2025-12-03 16:37:22,295.55,58.0,81553,24:D7:EB:59:2E:30,NuevoAlias
2025-12-03 16:37:22,295.53,57.98,81552,24:D7:EB:59:2E:30,NuevoAlias
2025-12-03 16:37:23,295.53,57.99,81553,24:D7:EB:59:2E:30,NuevoAlias
2025-12-03 16:37:23,295.53,58.0,81552,24:D7:EB:59:2E:30,NuevoAlias
2025-12-03 16:37:24,295.53,57.99,81551,24:D7:EB:59:2E:30,NuevoAlias
2025-12-03 16:37:25,295.53,57.99,81549,24:D7:EB:59:2E:30,NuevoAlias
2025-12-03 16:37:25,295.54,58.0,81548,24:D7:EB:59:2E:30,NuevoAlias
2025-12-03 16:37:26,295.53,57.99,81548,24:D7:EB:59:2E:30,NuevoAlias
2025-12-03 16:37:26,295.53,57.98,81548,24:D7:EB:59:2E:30,NuevoAlias
2025-12-03 16:37:27,295.53,57.98,81550,24:D7:EB:59:2E:30,NuevoAlias
2025-12-03 16:37:27,295.53,57.98,81551,24:D7:EB:59:2E:30,NuevoAlias
2025-12-03 16:37:28,295.53,57.99,81548,24:D7:EB:59:2E:30,NuevoAlias
2025-12-03 16:37:28,295.54,57.99,81547,24:D7:EB:59:2E:30,NuevoAlias
2025-12-03 16:37:29,295.53,57.98,81549,24:D7:EB:59:2E:30,NuevoAlias
2025-12-03 16:37:29,295.53,57.99,81549,24:D7:EB:59:2E:30,NuevoAlias
2025-12-03 16:37:30,295.53,57.98,81548,24:D7:EB:59:2E:30,NuevoAlias
2025-12-03 16:37:30,295.54,57.98,81548,24:D7:EB:59:2E:30,NuevoAlias
2025-12-03 16:37:31,295.53,57.99,81549,24:D7:EB:59:2E:30,NuevoAlias
2025-12-03 16:37:31,295.53,57.98,81548,24:D7:EB:59:2E:30,NuevoAlias
2025-12-03 16:37:32,295.53,57.99,81552,24:D7:EB:59:2E:30,NuevoAlias
2025-12-03 16:37:33,295.54,57.99,81551,24:D7:EB:59:2E:30,NuevoAlias
2025-12-03 16:37:33,295.54,57.99,81548,24:D7:EB:59:2E:30,NuevoAlias
2025-12-03 16:37:34,295.53,57.99,81549,24:D7:EB:59:2E:30,NuevoAlias
2025-12-03 16:37:34,295.53,57.99,81549,24:D7:EB:59:2E:30,NuevoAlias
2025-12-03 16:37:35,295.54,57.99,81550,24:D7:EB:59:2E:30,NuevoAlias
2025-12-03 16:37:35,295.53,58.0,81549,24:D7:EB:59:2E:30,NuevoAlias
2025-12-03 16:37:36,295.53,57.99,81547,24:D7:EB:59:2E:30,NuevoAlias
2025-12-03 16:37:36,295.53,57.99,81547,24:D7:EB:59:2E:30,NuevoAlias
2025-12-03 16:37:37,295.53,57.99,81546,24:D7:EB:59:2E:30,NuevoAlias
2025-12-03 16:37:37,295.53,58.0,81549,24:D7:EB:59:2E:30,NuevoAlias
2025-12-03 16:37:38,295.53,57.99,81548,24:D7:EB:59:2E:30,NuevoAlias
2025-12-03 16:37:38,295.54,57.99,81549,24:D7:EB:59:2E:30,NuevoAlias
2025-12-03 16:37:39,295.53,58.0,81550,24:D7:EB:59:2E:30,NuevoAlias
2025-12-03 16:37:39,295.53,58.0,81548,24:D7:EB:59:2E:30,NuevoAlias
2025-12-03 16:37:40,295.54,57.99,81549,24:D7:EB:59:2E:30,NuevoAlias
2025-12-03 16:37:40,295.54,58.0,81551,24:D7:EB:59:2E:30,NuevoAlias
2025-12-03 16:37:41,295.53,57.99,81546,24:D7:EB:59:2E:30,NuevoAlias
2025-12-03 16:37:42,295.53,58.0,81547,24:D7:EB:59:2E:30,NuevoAlias
2025-12-03 16:37:42,295.53,57.99,81548,24:D7:EB:59:2E:30,NuevoAlias
2025-12-03 16:37:43,295.54,57.99,81549,24:D7:EB:59:2E:30,NuevoAlias
2025-12-03 16:37:43,295.53,58.0,81550,24:D7:EB:59:2E:30,NuevoAlias
2025-12-03 16:37:44,295.53,58.0,81550,24:D7:EB:59:2E:30,NuevoAlias
2025-12-03 16:37:44,295.53,58.0,81549,24:D7:EB:59:2E:30,NuevoAlias
2025-12-03 16:37:45,295.54,58.0,81549,24:D7:EB:59:2E:30,NuevoAlias
2025-12-03 16:37:45,295.53,58.0,81552,24:D7:EB:59:2E:30,NuevoAlias
2025-12-03 16:37:46,295.53,58.0,81549,24:D7:EB:59:2E:30,NuevoAlias
2025-12-03 16:37:46,295.54,57.99,81551,24:D7:EB:59:2E:30,NuevoAlias
2025-12-03 16:37:47,295.53,58.0,81549,24:D7:EB:59:2E:30,NuevoAlias
2025-12-03 16:37:47,295.54,58.0,81550,24:D7:EB:59:2E:30,NuevoAlias
2025-12-03 16:37:48,295.53,58.0,81548,24:D7:EB:59:2E:30,NuevoAlias
2025-12-03 16:37:48,295.54,57.99,81547,24:D7:EB:59:2E:30,NuevoAlias
2025-12-03 16:37:49,295.53,57.99,81550,24:D7:EB:59:2E:30,NuevoAlias
2025-12-03 16:37:50,295.53,57.99,81551,24:D7:EB:59:2E:30,NuevoAlias
2025-12-03 16:37:50,295.54,58.0,81552,24:D7:EB:59:2E:30,NuevoAlias
2025-12-03 16:37:51,295.53,57.99,81548,24:D7:EB:59:2E:30,NuevoAlias
2025-12-03 16:37:51,295.53,57.99,81548,24:D7:EB:59:2E:30,NuevoAlias
2025-12-03 16:37:52,295.54,58.0,81550,24:D7:EB:59:2E:30,NuevoAlias
2025-12-03 16:37:52,295.53,57.99,81548,24:D7:EB:59:2E:30,NuevoAlias
2025-12-03 16:37:53,295.54,57.99,81551,24:D7:EB:59:2E:30,NuevoAlias
2025-12-03 16:37:53,295.53,57.99,81550,24:D7:EB:59:2E:30,NuevoAlias
2025-12-03 16:37:54,295.53,57.99,81547,24:D7:EB:59:2E:30,NuevoAlias
2025-12-03 16:37:54,295.53,57.98,81550,24:D7:EB:59:2E:30,NuevoAlias
2025-12-03 16:37:55,295.53,57.99,81551,24:D7:EB:59:2E:30,NuevoAlias
2025-12-03 16:37:55,295.54,57.98,81552,24:D7:EB:59:2E:30,NuevoAlias
2025-12-03 16:37:56,295.55,57.98,81551,24:D7:EB:59:2E:30,NuevoAlias
2025-12-03 16:37:56,295.53,57.98,81549,24:D7:EB:59:2E:30,NuevoAlias
2025-12-03 16:37:57,295.53,57.98,81553,24:D7:EB:59:2E:30,NuevoAlias
2025-12-03 16:37:57,295.53,57.98,81552,24:D7:EB:59:2E:30,NuevoAlias
2025-12-03 16:37:58,295.53,57.99,81549,24:D7:EB:59:2E:30,NuevoAlias
2025-12-03 16:37:59,295.54,57.98,81550,24:D7:EB:59:2E:30,NuevoAlias
2025-12-03 16:37:59,295.54,57.99,81550,24:D7:EB:59:2E:30,NuevoAlias
2025-12-03 16:38:00,295.53,57.99,81550,24:D7:EB:59:2E:30,NuevoAlias
2025-12-03 16:38:00,295.54,57.99,81550,24:D7:EB:59:2E:30,NuevoAlias
2025-12-03 16:38:01,295.54,57.98,81548,24:D7:EB:59:2E:30,NuevoAlias
2025-12-03 16:38:01,295.53,57.99,81552,24:D7:EB:59:2E:30,NuevoAlias
2025-12-03 16:38:02,295.53,57.98,81549,24:D7:EB:59:2E:30,NuevoAlias
2025-12-03 16:38:02,295.53,57.99,81551,24:D7:EB:59:2E:30,NuevoAlias
2025-12-03 16:38:03,295.54,57.98,81550,24:D7:EB:59:2E:30,NuevoAlias
2025-12-03 16:38:03,295.53,57.98,81549,24:D7:EB:59:2E:30,NuevoAlias
2025-12-03 16:38:04,295.54,57.98,81549,24:D7:EB:59:2E:30,NuevoAlias
2025-12-03 16:38:04,295.53,57.98,81549,24:D7:EB:59:2E:30,NuevoAlias
2025-12-03 16:38:05,295.53,57.98,81551,24:D7:EB:59:2E:30,NuevoAlias
2025-12-03 16:38:05,295.53,57.98,81549,24:D7:EB:59:2E:30,NuevoAlias
2025-12-03 16:38:06,295.54,57.98,81554,24:D7:EB:59:2E:30,NuevoAlias
2025-12-03 16:38:07,295.53,57.99,81549,24:D7:EB:59:2E:30,NuevoAlias
2025-12-03 16:38:07,295.53,57.99,81549,24:D7:EB:59:2E:30,NuevoAlias
2025-12-03 16:38:08,295.54,57.98,81553,24:D7:EB:59:2E:30,NuevoAlias
2025-12-03 16:38:08,295.53,57.99,81549,24:D7:EB:59:2E:30,NuevoAlias
2025-12-03 16:38:09,295.53,57.99,81551,24:D7:EB:59:2E:30,NuevoAlias
2025-12-03 16:38:09,295.53,57.99,81548,24:D7:EB:59:2E:30,NuevoAlias
2025-12-03 16:38:10,295.53,57.99,81550,24:D7:EB:59:2E:30,NuevoAlias
2025-12-03 16:38:10,295.55,57.99,81549,24:D7:EB:59:2E:30,NuevoAlias
2025-12-03 16:38:11,295.54,58.0,81554,24:D7:EB:59:2E:30,NuevoAlias
2025-12-03 16:38:11,295.54,58.0,81552,24:D7:EB:59:2E:30,NuevoAlias
2025-12-03 16:38:12,295.54,58.0,81551,24:D7:EB:59:2E:30,NuevoAlias
2025-12-03 16:38:12,295.54,58.03,81548,24:D7:EB:59:2E:30,NuevoAlias
2025-12-03 16:38:13,295.53,58.01,81551,24:D7:EB:59:2E:30,NuevoAlias
2025-12-03 16:38:13,295.53,57.99,81550,24:D7:EB:59:2E:30,NuevoAlias
2025-12-03 16:38:14,295.53,58.0,81550,24:D7:EB:59:2E:30,NuevoAlias
2025-12-03 16:38:14,295.54,58.0,81552,24:D7:EB:59:2E:30,NuevoAlias
2025-12-03 16:38:15,295.54,58.0,81552,24:D7:EB:59:2E:30,NuevoAlias
2025-12-03 16:38:16,295.54,58.0,81552,24:D7:EB:59:2E:30,NuevoAlias
2025-12-03 16:38:16,295.54,58.0,81552,24:D7:EB:59:2E:30,NuevoAlias
2025-12-03 16:38:17,295.54,58.0,81549,24:D7:EB:59:2E:30,NuevoAlias
2025-12-03 16:38:17,295.54,58.0,81549,24:D7:EB:59:2E:30,NuevoAlias
2025-12-03 16:38:18,295.53,58.0,81552,24:D7:EB:59:2E:30,NuevoAlias
2025-12-03 16:38:18,295.53,58.0,81550,24:D7:EB:59:2E:30,NuevoAlias
2025-12-03 16:38:19,295.54,58.0,81555,24:D7:EB:59:2E:30,NuevoAlias
2025-12-03 16:38:19,295.54,58.02,81551,24:D7:EB:59:2E:30,NuevoAlias
2025-12-03 16:38:20,295.54,58.02,81549,24:D7:EB:59:2E:30,NuevoAlias
2025-12-03 16:38:20,295.54,58.02,81552,24:D7:EB:59:2E:30,NuevoAlias
2025-12-03 16:38:21,295.53,58.0,81548,24:D7:EB:59:2E:30,NuevoAlias
2025-12-03 16:38:21,295.54,58.01,81550,24:D7:EB:59:2E:30,NuevoAlias
2025-12-03 16:38:22,295.53,58.0,81545,24:D7:EB:59:2E:30,NuevoAlias
2025-12-03 16:38:22,295.53,58.01,81548,24:D7:EB:59:2E:30,NuevoAlias
2025-12-03 16:38:23,295.53,58.0,81549,24:D7:EB:59:2E:30,NuevoAlias
2025-12-03 16:38:23,295.53,58.0,81547,24:D7:EB:59:2E:30,NuevoAlias
2025-12-03 16:38:24,295.54,58.0,81548,24:D7:EB:59:2E:30,NuevoAlias
2025-12-03 16:38:25,295.53,58.0,81548,24:D7:EB:59:2E:30,NuevoAlias
2025-12-03 16:38:25,295.53,58.0,81547,24:D7:EB:59:2E:30,NuevoAlias
2025-12-03 16:38:26,295.53,58.0,81546,24:D7:EB:59:2E:30,NuevoAlias
2025-12-03 16:38:26,295.54,58.0,81544,24:D7:EB:59:2E:30,NuevoAlias
2025-12-03 16:38:27,295.53,58.0,81545,24:D7:EB:59:2E:30,NuevoAlias
2025-12-03 16:38:27,295.53,58.0,81544,24:D7:EB:59:2E:30,NuevoAlias
2025-12-03 16:38:28,295.54,58.0,81543,24:D7:EB:59:2E:30,NuevoAlias
2025-12-03 16:38:28,295.53,58.0,81547,24:D7:EB:59:2E:30,NuevoAlias
2025-12-03 16:38:29,295.53,58.0,81544,24:D7:EB:59:2E:30,NuevoAlias
2025-12-03 16:38:29,295.53,58.0,81542,24:D7:EB:59:2E:30,NuevoAlias
2025-12-03 16:38:30,295.54,58.0,81545,24:D7:EB:59:2E:30,NuevoAlias
2025-12-03 16:38:30,295.53,58.0,81546,24:D7:EB:59:2E:30,NuevoAlias
2025-12-03 16:38:31,295.54,58.0,81546,24:D7:EB:59:2E:30,NuevoAlias
2025-12-03 16:38:31,295.53,58.01,81547,24:D7:EB:59:2E:30,NuevoAlias
2025-12-03 16:38:32,295.54,58.0,81546,24:D7:EB:59:2E:30,NuevoAlias
2025-12-03 16:38:33,295.53,58.0,81546,24:D7:EB:59:2E:30,NuevoAlias
2025-12-03 16:38:33,295.53,58.0,81546,24:D7:EB:59:2E:30,NuevoAlias
2025-12-03 16:38:34,295.53,58.0,81547,24:D7:EB:59:2E:30,NuevoAlias
2025-12-03 16:38:34,295.54,58.01,81548,24:D7:EB:59:2E:30,NuevoAlias
2025-12-03 16:38:35,295.54,58.0,81546,24:D7:EB:59:2E:30,NuevoAlias
2025-12-03 16:38:35,295.53,58.01,81548,24:D7:EB:59:2E:30,NuevoAlias
2025-12-03 16:38:36,295.53,58.0,81548,24:D7:EB:59:2E:30,NuevoAlias
2025-12-03 16:38:36,295.53,58.0,81548,24:D7:EB:59:2E:30,NuevoAlias
2025-12-03 16:38:37,295.53,58.03,81547,24:D7:EB:59:2E:30,NuevoAlias
2025-12-03 16:38:37,295.54,58.02,81548,24:D7:EB:59:2E:30,NuevoAlias
2025-12-03 16:38:38,295.53,58.02,81547,24:D7:EB:59:2E:30,NuevoAlias
2025-12-03 16:38:38,295.53,58.01,81551,24:D7:EB:59:2E:30,NuevoAlias
2025-12-03 16:38:39,295.53,58.02,81546,24:D7:EB:59:2E:30,NuevoAlias
2025-12-03 16:38:39,295.53,58.03,81548,24:D7:EB:59:2E:30,NuevoAlias
2025-12-03 16:38:40,295.54,58.03,81547,24:D7:EB:59:2E:30,NuevoAlias
2025-12-03 16:38:40,295.54,58.03,81548,24:D7:EB:59:2E:30,NuevoAlias
2025-12-03 16:38:41,295.53,58.03,81549,24:D7:EB:59:2E:30,NuevoAlias
2025-12-03 16:38:42,295.53,58.03,81551,24:D7:EB:59:2E:30,NuevoAlias
2025-12-03 16:38:42,295.53,58.04,81548,24:D7:EB:59:2E:30,NuevoAlias
2025-12-03 16:38:43,295.54,58.04,81549,24:D7:EB:59:2E:30,NuevoAlias
2025-12-03 16:38:43,295.53,58.03,81548,24:D7:EB:59:2E:30,NuevoAlias
2025-12-03 16:38:44,295.55,58.03,81552,24:D7:EB:59:2E:30,NuevoAlias
2025-12-03 16:38:44,295.54,58.03,81550,24:D7:EB:59:2E:30,NuevoAlias
2025-12-03 16:38:45,295.53,58.03,81549,24:D7:EB:59:2E:30,NuevoAlias
2025-12-03 16:38:45,295.53,58.03,81548,24:D7:EB:59:2E:30,NuevoAlias
2025-12-03 16:38:46,295.53,58.04,81547,24:D7:EB:59:2E:30,NuevoAlias
2025-12-03 16:38:46,295.54,58.05,81549,24:D7:EB:59:2E:30,NuevoAlias
2025-12-03 16:38:47,295.54,58.04,81551,24:D7:EB:59:2E:30,NuevoAlias
2025-12-03 16:38:47,295.53,58.04,81549,24:D7:EB:59:2E:30,NuevoAlias
2025-12-03 16:38:48,295.54,58.04,81550,24:D7:EB:59:2E:30,NuevoAlias
2025-12-03 16:38:48,295.54,58.05,81548,24:D7:EB:59:2E:30,NuevoAlias
2025-12-03 16:38:49,295.54,58.04,81553,24:D7:EB:59:2E:30,NuevoAlias
2025-12-03 16:38:50,295.53,58.04,81549,24:D7:EB:59:2E:30,NuevoAlias
2025-12-03 16:38:50,295.53,58.05,81548,24:D7:EB:59:2E:30,NuevoAlias
2025-12-03 16:38:51,295.54,58.05,81553,24:D7:EB:59:2E:30,NuevoAlias
2025-12-03 16:38:51,295.54,58.04,81550,24:D7:EB:59:2E:30,NuevoAlias
2025-12-03 16:38:52,295.53,58.05,81547,24:D7:EB:59:2E:30,NuevoAlias
2025-12-03 16:38:52,295.53,58.04,81547,24:D7:EB:59:2E:30,NuevoAlias
2025-12-03 16:38:53,295.54,58.05,81547,24:D7:EB:59:2E:30,NuevoAlias
2025-12-03 16:38:53,295.53,58.04,81548,24:D7:EB:59:2E:30,NuevoAlias
2025-12-03 16:38:54,295.53,58.04,81550,24:D7:EB:59:2E:30,NuevoAlias
2025-12-03 16:38:57,295.53,58.04,81550,24:D7:EB:59:2E:30,holaprofe
2025-12-03 16:38:58,295.53,58.04,81548,24:D7:EB:59:2E:30,holaprofe
2025-12-03 16:38:58,295.53,58.04,81549,24:D7:EB:59:2E:30,holaprofe
2025-12-03 16:38:59,295.55,58.04,81549,24:D7:EB:59:2E:30,holaprofe
2025-12-03 16:38:59,295.54,58.03,81553,24:D7:EB:59:2E:30,holaprofe
2025-12-03 16:39:00,295.53,58.04,81551,24:D7:EB:59:2E:30,holaprofe
2025-12-03 16:39:01,295.54,58.04,81551,24:D7:EB:59:2E:30,holaprofe
2025-12-03 16:39:01,295.54,58.03,81551,24:D7:EB:59:2E:30,holaprofe
2025-12-03 16:39:02,295.54,58.03,81548,24:D7:EB:59:2E:30,holaprofe
2025-12-03 16:39:02,295.54,58.01,81545,24:D7:EB:59:2E:30,holaprofe
2025-12-03 16:39:03,295.54,58.03,81551,24:D7:EB:59:2E:30,holaprofe
2025-12-03 16:39:03,295.54,58.03,81549,24:D7:EB:59:2E:30,holaprofe
2025-12-03 16:39:04,295.55,58.06,81550,24:D7:EB:59:2E:30,holaprofe
2025-12-03 16:39:04,295.56,58.07,81548,24:D7:EB:59:2E:30,holaprofe
2025-12-03 16:39:05,295.57,58.12,81550,24:D7:EB:59:2E:30,holaprofe
2025-12-03 16:39:05,295.57,58.14,81550,24:D7:EB:59:2E:30,holaprofe
2025-12-03 16:39:06,295.57,58.15,81549,24:D7:EB:59:2E:30,holaprofe
2025-12-03 16:39:06,295.58,58.19,81550,24:D7:EB:59:2E:30,holaprofe
2025-12-03 16:39:07,295.58,58.2,81548,24:D7:EB:59:2E:30,holaprofe
2025-12-03 16:39:07,295.58,58.21,81550,24:D7:EB:59:2E:30,holaprofe
2025-12-03 16:39:08,295.58,58.21,81547,24:D7:EB:59:2E:30,holaprofe
2025-12-03 16:39:09,295.58,58.2,81549,24:D7:EB:59:2E:30,holaprofe
2025-12-03 16:39:09,295.57,58.2,81551,24:D7:EB:59:2E:30,holaprofe
2025-12-03 16:39:10,295.58,58.19,81549,24:D7:EB:59:2E:30,holaprofe
2025-12-03 16:39:10,295.58,58.18,81548,24:D7:EB:59:2E:30,holaprofe
2025-12-03 16:39:11,295.59,58.17,81550,24:D7:EB:59:2E:30,holaprofe
2025-12-03 16:39:11,295.58,58.17,81548,24:D7:EB:59:2E:30,holaprofe
2025-12-03 16:39:12,295.60,58.16,81551,24:D7:EB:59:2E:30,holaprofe
2025-12-03 16:39:12,295.59,58.15,81548,24:D7:EB:59:2E:30,holaprofe
2025-12-03 16:39:13,295.59,58.13,81546,24:D7:EB:59:2E:30,holaprofe
2025-12-03 16:39:13,295.59,58.12,81547,24:D7:EB:59:2E:30,holaprofe
2025-12-03 16:39:14,295.59,58.11,81547,24:D7:EB:59:2E:30,holaprofe
2025-12-03 16:39:14,295.59,58.1,81546,24:D7:EB:59:2E:30,holaprofe
2025-12-03 16:39:15,295.60,58.1,81548,24:D7:EB:59:2E:30,holaprofe
2025-12-03 16:39:19,295.61,58.07,81551,24:D7:EB:59:2E:30,holaprofe
2025-12-03 16:39:20,295.62,58.08,81552,24:D7:EB:59:2E:30,holaprofe
2025-12-03 16:39:20,295.62,58.08,81553,24:D7:EB:59:2E:30,holaprofe
2025-12-03 16:39:21,295.62,58.08,81551,24:D7:EB:59:2E:30,holaprofe
2025-12-03 16:39:21,295.62,58.09,81549,24:D7:EB:59:2E:30,holaprofe
2025-12-03 16:39:22,295.62,58.1,81549,24:D7:EB:59:2E:30,holaprofe
2025-12-03 16:39:22,295.62,58.1,81553,24:D7:EB:59:2E:30,holaprofe
2025-12-03 16:39:23,295.62,58.12,81552,24:D7:EB:59:2E:30,holaprofe
2025-12-03 16:39:23,295.62,58.13,81549,24:D7:EB:59:2E:30,holaprofe
2025-12-03 16:39:24,295.63,58.13,81551,24:D7:EB:59:2E:30,holaprofe
2025-12-03 16:39:24,295.63,58.13,81550,24:D7:EB:59:2E:30,holaprofe
2025-12-03 16:39:25,295.63,58.14,81551,24:D7:EB:59:2E:30,holaprofe
2025-12-03 16:39:25,295.63,58.15,81553,24:D7:EB:59:2E:30,holaprofe
2025-12-03 16:39:26,295.63,58.15,81552,24:D7:EB:59:2E:30,holaprofe
2025-12-03 16:39:27,295.64,58.16,81555,24:D7:EB:59:2E:30,holaprofe
2025-12-03 16:39:27,295.64,58.16,81553,24:D7:EB:59:2E:30,holaprofe
2025-12-03 16:39:28,295.64,58.17,81551,24:D7:EB:59:2E:30,holaprofe
2025-12-03 16:39:28,295.63,58.19,81548,24:D7:EB:59:2E:30,holaprofe
2025-12-03 16:39:29,295.63,58.19,81551,24:D7:EB:59:2E:30,holaprofe
2025-12-03 16:39:29,295.64,58.2,81550,24:D7:EB:59:2E:30,holaprofe
2025-12-03 16:39:30,295.64,58.21,81549,24:D7:EB:59:2E:30,holaprofe
2025-12-03 16:39:30,295.64,58.21,81551,24:D7:EB:59:2E:30,holaprofe
2025-12-03 16:39:31,295.64,58.22,81550,24:D7:EB:59:2E:30,holaprofe
2025-12-03 16:39:31,295.64,58.22,81551,24:D7:EB:59:2E:30,holaprofe
2025-12-03 16:39:32,295.64,58.23,81548,24:D7:EB:59:2E:30,holaprofe
2025-12-03 16:39:32,295.64,58.23,81550,24:D7:EB:59:2E:30,holaprofe
2025-12-03 16:39:33,295.64,58.23,81553,24:D7:EB:59:2E:30,holaprofe
2025-12-03 16:39:33,295.64,58.23,81553,24:D7:EB:59:2E:30,holaprofe
2025-12-03 16:39:34,295.64,58.23,81554,24:D7:EB:59:2E:30,holaprofe
2025-12-03 16:39:34,295.64,58.23,81552,24:D7:EB:59:2E:30,holaprofe
2025-12-03 16:39:35,295.64,58.23,81552,24:D7:EB:59:2E:30,holaprofe
2025-12-03 16:39:36,295.64,58.23,81551,24:D7:EB:59:2E:30,holaprofe
2025-12-03 16:39:36,295.64,58.24,81551,24:D7:EB:59:2E:30,holaprofe
2025-12-03 16:39:37,295.64,58.24,81551,24:D7:EB:59:2E:30,holaprofe
2025-12-03 16:39:37,295.64,58.24,81552,24:D7:EB:59:2E:30,holaprofe
2025-12-03 16:39:38,295.64,58.24,81548,24:D7:EB:59:2E:30,holaprofe
2025-12-03 16:39:38,295.64,58.25,81550,24:D7:EB:59:2E:30,holaprofe
2025-12-03 16:39:39,295.65,58.25,81549,24:D7:EB:59:2E:30,holaprofe
2025-12-03 16:39:39,295.65,58.25,81551,24:D7:EB:59:2E:30,holaprofe
2025-12-03 16:39:40,295.65,58.24,81551,24:D7:EB:59:2E:30,holaprofe
2025-12-03 16:39:40,295.64,58.25,81551,24:D7:EB:59:2E:30,holaprofe
2025-12-03 16:39:41,295.64,58.25,81547,24:D7:EB:59:2E:30,holaprofe
2025-12-03 16:39:41,295.65,58.25,81552,24:D7:EB:59:2E:30,holaprofe
2025-12-03 16:39:42,295.64,58.25,81550,24:D7:EB:59:2E:30,holaprofe
2025-12-03 16:39:42,295.65,58.25,81550,24:D7:EB:59:2E:30,holaprofe
2025-12-03 16:39:43,295.64,58.25,81551,24:D7:EB:59:2E:30,holaprofe
2025-12-03 16:39:43,295.65,58.25,81551,24:D7:EB:59:2E:30,holaprofe
2025-12-03 16:39:44,295.65,58.25,81549,24:D7:EB:59:2E:30,holaprofe
2025-12-03 16:39:45,295.65,58.25,81549,24:D7:EB:59:2E:30,holaprofe
2025-12-03 16:39:45,295.65,58.25,81551,24:D7:EB:59:2E:30,holaprofe
2025-12-03 16:39:46,295.64,58.26,81548,24:D7:EB:59:2E:30,holaprofe
2025-12-03 16:39:46,295.64,58.26,81550,24:D7:EB:59:2E:30,holaprofe
2025-12-03 16:39:47,295.65,58.27,81550,24:D7:EB:59:2E:30,holaprofe
2025-12-03 16:39:47,295.65,58.27,81548,24:D7:EB:59:2E:30,holaprofe
2025-12-03 16:39:48,295.65,58.27,81551,24:D7:EB:59:2E:30,holaprofe
2025-12-03 16:39:48,295.65,58.27,81549,24:D7:EB:59:2E:30,holaprofe
2025-12-03 16:39:49,295.65,58.25,81548,24:D7:EB:59:2E:30,holaprofe
2025-12-03 16:39:49,295.65,58.27,81552,24:D7:EB:59:2E:30,holaprofe
2025-12-03 16:39:50,295.65,58.27,81552,24:D7:EB:59:2E:30,holaprofe
2025-12-03 16:39:50,295.65,58.28,81550,24:D7:EB:59:2E:30,holaprofe
2025-12-03 16:39:51,295.65,58.28,81549,24:D7:EB:59:2E:30,holaprofe
